name,reason,target_text
CIQWBGuid,external-looking ('[' or '.xls'),"""Project Radar - Operating Model_v1.xlsx"""
DME_ODMALinks1,external-looking ('[' or '.xls'),"""::ODMA\DME-MSE\London-44590=C:\TEMP\Dme\London-44590.xls"""
hn.ConvertZero1,#REF!,"#REF!,#REF!,#REF!,#REF!,#REF!,#REF!,#REF!,#REF!,#REF!,#REF!"
hn.ConvertZero2,#REF!,"#REF!,#REF!,#REF!,#REF!,#REF!,#REF!,#REF!,#REF!"
hn.ConvertZero3,#REF!,"#REF!,#REF!,#REF!,#REF!,#REF!"
hn.ConvertZero4,#REF!,"#REF!,#REF!,#REF!,#REF!,#REF!,#REF!,#REF!,#REF!"
hn.ConvertZeroUnhide1,#REF!,"#REF!,#REF!,#REF!"
hn.Delete015,#REF!,"#REF!,#REF!,#REF!,#REF!"
hn.DZ_MultByFXRates,#REF!,"#REF!,#REF!,#REF!,#REF!"
hn.LTM_MultByFXRates,#REF!,"#REF!,#REF!,#REF!,#REF!,#REF!,#REF!,#REF!"
hn.MultbyFXRates,#REF!,"#REF!,#REF!,#REF!,#REF!,#REF!,#REF!,#REF!"
hn.MultByFXRates1,#REF!,"#REF!,#REF!,#REF!,#REF!,#REF!"
hn.MultByFXRates2,#REF!,"#REF!,#REF!,#REF!,#REF!,#REF!"
hn.MultByFXRates3,#REF!,"#REF!,#REF!,#REF!,#REF!,#REF!"
hn.MultbyFxrates4,#REF!,"#REF!,#REF!,#REF!,#REF!,#REF!,#REF!,#REF!"
hn.multbyfxrates5,#REF!,"#REF!,#REF!,#REF!,#REF!,#REF!"
hn.multbyfxrates6,#REF!,"#REF!,#REF!,#REF!,#REF!,#REF!"
hn.multbyfxrates7,#REF!,"#REF!,#REF!,#REF!,#REF!,#REF!"
hn.MultByFXRatesBot1,#REF!,"#REF!,#REF!,#REF!,#REF!,#REF!,#REF!,#REF!,#REF!,#REF!,#REF!,#REF!,#REF!"
hn.MultByFXRatesBot2,#REF!,"#REF!,#REF!,#REF!,#REF!,#REF!,#REF!,#REF!,#REF!,#REF!,#REF!,#REF!,#REF!"
hn.MultByFXRatesBot3,#REF!,"#REF!,#REF!,#REF!,#REF!,#REF!,#REF!,#REF!,#REF!,#REF!,#REF!,#REF!,#REF!"
hn.MultByFXRatesBot4,#REF!,"#REF!,#REF!,#REF!,#REF!,#REF!,#REF!,#REF!,#REF!,#REF!,#REF!,#REF!,#REF!,#REF!"
hn.MultByFXRatesBot5,#REF!,"#REF!,#REF!,#REF!,#REF!,#REF!,#REF!,#REF!,#REF!,#REF!,#REF!,#REF!"
hn.MultByFXRatesBot6,#REF!,"#REF!,#REF!,#REF!,#REF!,#REF!,#REF!,#REF!,#REF!,#REF!,#REF!,#REF!"
hn.MultByFXRatesBot7,#REF!,"#REF!,#REF!,#REF!,#REF!,#REF!,#REF!,#REF!,#REF!,#REF!,#REF!,#REF!"
hn.MultByFXRatesTop1,#REF!,"#REF!,#REF!,#REF!,#REF!,#REF!,#REF!,#REF!,#REF!,#REF!,#REF!,#REF!,#REF!"
hn.MultByFXRatesTop2,#REF!,"#REF!,#REF!,#REF!,#REF!,#REF!,#REF!,#REF!,#REF!,#REF!,#REF!,#REF!,#REF!,#REF!,#REF!,#REF!"
hn.MultByFXRatesTop3,#REF!,"#REF!,#REF!,#REF!,#REF!,#REF!,#REF!,#REF!,#REF!,#REF!,#REF!,#REF!,#REF!,#REF!,#REF!,#REF!"
hn.MultByFXRatesTop4,#REF!,"#REF!,#REF!,#REF!,#REF!,#REF!,#REF!,#REF!,#REF!,#REF!,#REF!,#REF!,#REF!,#REF!,#REF!,#REF!"
hn.MultByFXRatesTop5,#REF!,"#REF!,#REF!,#REF!,#REF!,#REF!,#REF!,#REF!,#REF!,#REF!,#REF!,#REF!,#REF!"
hn.MultByFXRatesTop6,#REF!,"#REF!,#REF!,#REF!,#REF!,#REF!,#REF!,#REF!,#REF!,#REF!,#REF!,#REF!,#REF!,#REF!,#REF!,#REF!"
hn.MultByFXRatesTop7,#REF!,"#REF!,#REF!,#REF!,#REF!,#REF!,#REF!,#REF!,#REF!,#REF!,#REF!,#REF!,#REF!,#REF!,#REF!,#REF!"
HTML1_1,external-looking ('[' or '.xls'),"""[FCFF3]Sheet1!$A$1:$L$34"""
HTML10_1,external-looking ('[' or '.xls'),"""[Daily.xls]Web!$A$1:$Q$26"""
HTML2_1,external-looking ('[' or '.xls'),"""[WebDaily.xls]Sheet1!$A$1:$V$32"""
HTML3_1,external-looking ('[' or '.xls'),"""[WebDaily.xls]Sheet1!$A$1:$R$32"""
HTML4_1,external-looking ('[' or '.xls'),"""[WebDaily.xls]Sheet1!$A$1:$Q$28"""
HTML5_1,external-looking ('[' or '.xls'),"""[WEBDAILY.XLS]Sheet1!$A$1:$Q$28"""
HTML6_1,external-looking ('[' or '.xls'),"""[DAILY.XLS]Web!$A$1:$Q$28"""
HTML7_1,external-looking ('[' or '.xls'),"""[DAILY.XLS]Web!$A$1:$M$28"""
HTML8_1,external-looking ('[' or '.xls'),"""[DAILY.XLS]Web!$A$1:$M$26"""
HTML9_1,external-looking ('[' or '.xls'),"""[DAILY.XLS]Web!$A$1:$Q$26"""
M_PlaceofPath,external-looking ('[' or '.xls'),"""F:\GCAPPELL\VDF_Model_Backups\Education\STRA_VDF.xls"""
OO_Book_Settings_XCDestination,external-looking ('[' or '.xls'),"""Y:\TM1WebFolder\Production Workbooks\Mfg Income Statement_xCelsius.xls"""
Rwvu.Final._.Day._.1.,#REF!,"#REF!,#REF!,#REF!"
Rwvu.Full.,#REF!,"#REF!,#REF!"
wrn.PRINT1.,external-looking ('[' or '.xls'),"{""cf1.xls"",#N/A,FALSE,""CF"";""cfseg1.xls"",#N/A,FALSE,""CF"";""REV1.xls"",#N/A,FALSE,""Rev"";""REVANA1.XLS"",#N/A,FALSE,""Rev"";""IS1.xls"",#N/A,FALSE,""IS"";""ISQ1.xls"",#N/A,FALSE,""IS""}"
Z_75377209_DBB4_11D2_9AEC_0060B0EF0290_.wvu.Cols,#REF!,"#REF!,#REF!"
Z_7537720D_DBB4_11D2_9AEC_0060B0EF0290_.wvu.Cols,#REF!,"#REF!,#REF!"
Z_9118CF73_A0E0_408F_82FC_D7B84F445576_.wvu.Rows,#REF!,"#REF!,#REF!"
Z_A34462A5_C2B0_11D2_9AD9_0060B0EF0290_.wvu.Cols,#REF!,"#REF!,#REF!"
Z_A34462AD_C2B0_11D2_9AD9_0060B0EF0290_.wvu.Cols,#REF!,"#REF!,#REF!"
Z_A34462B6_C2B0_11D2_9AD9_0060B0EF0290_.wvu.Cols,#REF!,"#REF!,#REF!"
Z_A34462BE_C2B0_11D2_9AD9_0060B0EF0290_.wvu.Cols,#REF!,"#REF!,#REF!"
Z_A34462C7_C2B0_11D2_9AD9_0060B0EF0290_.wvu.Cols,#REF!,"#REF!,#REF!"
Z_A34462CF_C2B0_11D2_9AD9_0060B0EF0290_.wvu.Cols,#REF!,"#REF!,#REF!"
Med_MDC_amb_paid_05_prior,#REF!,#REF!
BOB_Med_paid_amt_lab_serv_prior,#REF!,#REF!
sum_paid_class_D_curr,#REF!,#REF!
AHF_Med_fund_paid_amt_home_health_curr,#REF!,#REF!
aex_tier2_paid_amt_tot_prior,#REF!,#REF!
AHF_Med_fund_paid_amt_male_0_19_curr,#REF!,#REF!
aex_OON_Util_radiology_services_curr,#REF!,#REF!
Item6,#REF!,#REF!
Medicare_Billed_female_mem_85_over_prior,#REF!,#REF!
dental_not_medically_necess_out_network_prior,#REF!,#REF!
ahf_termed_tier2_emp_24_1_spend_curr,#REF!,#REF!
FDP_67_1_aUrv,#REF!,#REF!
Rx_AHF_num_employees_curr,#REF!,#REF!
Med_par_phys_office_visits_count_curr,#REF!,#REF!
e3e,#REF!,#REF!
ONYX19970501222155,#REF!,#REF!
EIRCELL,#REF!,#REF!
Med_MDC_cd_04_curr,#REF!,#REF!
Med_MDC_cd_10_curr,#REF!,#REF!
Stat5,#REF!,#REF!
dental_paid_ben_out_network_curr,#REF!,#REF!
NetIncMargin,#REF!,#REF!
aex_OON_Util_er_visits_curr,#REF!,#REF!
FYE1Other3,#REF!,#REF!
_Sortb,#REF!,#REF!
AHF_Med_paid_amt_prim_phys_curr,#REF!,#REF!
BOB_Med_MDC_days_999_curr,#REF!,#REF!
Med_unknown_mem_0_19_curr,#REF!,#REF!
High3,#REF!,#REF!
Med_billed_amt_home_health_curr,#REF!,#REF!
ahf_rx_num_gen_subst_claims_y_prior,#REF!,#REF!
aex_Tier3_Util_med_services_visits_curr,#REF!,#REF!
FinancialOverviewCurr._6,#REF!,#REF!
adf_tier2_cr_claim_paid_with_cr_funds_curr,#REF!,#REF!
BOB_Med_MDC_amb_paid_11_curr,#REF!,#REF!
Rx_female_mem_65_over_prior,#REF!,#REF!
Dental_paid_amt_curr,#REF!,#REF!
sum_specialty_non_brand_formulary_plan_paid_amt_curr,#REF!,#REF!
aex_Tier3_paid_amt_er_visits_curr,#REF!,#REF!
sum_specialty_calc_ing_cost_amt_curr,#REF!,#REF!
FDP_49_1_aUrv,#REF!,#REF!
_,#REF!,#REF!
IQRTowersCompTemplateX39,#REF!,#REF!
Med_paid_amt_spec_office_visits_prior,#REF!,#REF!
Med_months_prior,#REF!,#REF!
__MUM16,#REF!,#REF!
aex_inp_Tier1_admits_02_curr,#REF!,#REF!
e1e,#REF!,#REF!
AHF_Med_fund_paid_amt_medical_misc_curr,#REF!,#REF!
_Regression_X,#REF!,#REF!
sum_paid_class_K_prior,#REF!,#REF!
FYE1Other1,#REF!,#REF!
Medicare_Billed_male_mem_65_69_curr,#REF!,#REF!
CapExMargin,#REF!,#REF!
num_util_members_prior,#REF!,#REF!
AHF_Med_female_mem_45_64_curr,#REF!,#REF!
BOB_Med_deductible_amt_prior,#REF!,#REF!
_Low8,#REF!,#REF!
Med_MDC_paid_20_prior,#REF!,#REF!
BOB_Med_unknown_mem_20_44_curr,#REF!,#REF!
aex_Tier2_Util_total_curr,#REF!,#REF!
SI_Executive_Summary_Page_NoData_Text,#REF!,#REF!
adf_termed_tier4_active_employee_curr,#REF!,#REF!
aex_inp_OON_admits_05_curr,#REF!,#REF!
Med_num_employees_curr,#REF!,#REF!
aex_Tier2_Util_mental_health_visits_curr,#REF!,#REF!
num_claims_class_Q_curr,#REF!,#REF!
Product_56_members,#REF!,#REF!
Med_MDC_amb_billed_11_prior,#REF!,#REF!
Sav_Benefit_Dental_Range,#REF!,#REF!
dental_elig_denials_in_network_curr,#REF!,#REF!
Med_MDC_cd_18_curr,#REF!,#REF!
aex_Amb_Tier1_claimants_10_curr,#REF!,#REF!
Data,#REF!,#REF!
Remove_Aetna_PPO_Ntwk,#REF!,#REF!
aex_inp_Tier2_admits_14_curr,#REF!,#REF!
_bdm.77E3DB1B6A6448A88B71EC33708EDC78.edm,#REF!,#REF!
EVRevenues2,#REF!,#REF!
rngLastRefreshOffline,#REF!,#REF!
num_util_members_class_A_prior,#REF!,#REF!
adf_tier3_rollover_pr_year_curr,#REF!,#REF!
AHF_Med_office_visits_count_prior,#REF!,#REF!
Dental_preventative_svcs_curr,#REF!,#REF!
SalaryInflation,#REF!,#REF!
AHF_Med_paid_amt_mental_health_curr,#REF!,#REF!
aex_Tier2_paid_amt_primary_off_visits_curr,#REF!,#REF!
ahf_tier1_cr_clm_paid_with_rollover_funds_curr,#REF!,#REF!
BOB_num_other_generic_claims_prior,#REF!,#REF!
aex_Amb_Tier2_claimants_15_curr,#REF!,#REF!
Med_MDC_admits_13_prior,#REF!,#REF!
aex_Amb_Tier2_paid_amt_14_curr,#REF!,#REF!
num_rx_claims_non_mac_retail_prior,#REF!,#REF!
BOB_Med_MDC_days_20_curr,#REF!,#REF!
Rx_male_mem_65_over_curr,#REF!,#REF!
FDP_114_1_aUrv,#REF!,#REF!
num_brand_claims_curr,#REF!,#REF!
Dental_unknown_mem_45_64_prior,#REF!,#REF!
Med_MDC_claimants_23_prior,#REF!,#REF!
Med_MDC_admits_13_curr,#REF!,#REF!
FOV_SI_Dental_Range,#REF!,#REF!
Med_paid_amt_rad_serv_curr,#REF!,#REF!
FDP_130_1_aUrv,#REF!,#REF!
Med_MDC_billed_15_curr,#REF!,#REF!
adf_tier1_emp_99_75_spend_curr,#REF!,#REF!
ahf_total_rollover_pr_year_curr,#REF!,#REF!
HPD_paid_amt_other_curr,#REF!,#REF!
medical_sort3,#REF!,#REF!
Med_claim_count_female_65_over_curr,#REF!,#REF!
ChangeRange,#REF!,#REF!
BS_Summary,#REF!,#REF!
ahf_tier3_cr_claim_paid_with_cr_funds_curr,#REF!,#REF!
BH_BOB_Med_female_mem_0_19_curr,#REF!,#REF!
amb_mdc_na_bob_column1,#REF!,#REF!
Med_MDC_amb_paid_10_prior,#REF!,#REF!
ConvPref1,#REF!,#REF!
__123Graph_B,#REF!,#REF!
_bdm.DBB48143F45048CCBFD4DA6394DBE336.edm,#REF!,#REF!
HPD_paid_amt_total_curr,#REF!,#REF!
AHF_Med_count_lab_curr,#REF!,#REF!
dental_not_medically_necess_in_network_curr,#REF!,#REF!
aex_Tier3_Util_inp_days_curr,#REF!,#REF!
BOB_Med_MDC_paid_02_curr,#REF!,#REF!
IQRCOMPANYBAF17,#REF!,#REF!
Med_other_discount_billed_amt_curr,#REF!,#REF!
AmortYear2,#REF!,#REF!
BookA,#REF!,#REF!
BOB_Med_MDC_admits_15_curr,#REF!,#REF!
FDP_92_1_aSrv,#REF!,#REF!
aex_inp_Tier1_admits_17_curr,#REF!,#REF!
sum_specialty_generic_plan_paid_amt_curr,#REF!,#REF!
adf_termed_tier1_active_employee_curr,#REF!,#REF!
Med_MDC_amb_paid_17_prior,#REF!,#REF!
Med_paid_amt_female_20_44_prior,#REF!,#REF!
sum_generic_copay_prior,#REF!,#REF!
OtherA,#REF!,#REF!
ahf_termed_tier2_active_employee_curr,#REF!,#REF!
EBITDAA,#REF!,#REF!
BOB_Med_male_mem_0_19_curr,#REF!,#REF!
BH_BOB_Rx_male_members_curr,#REF!,#REF!
Med_MDC_claimants_22_curr,#REF!,#REF!
BOBDate,#REF!,#REF!
adf_termed_tier4_emp_100_spend_curr,#REF!,#REF!
XRefCopy3Row,#REF!,#REF!
adf_termed_tier1_cr_claim_paid_with_cr_funds_curr,#REF!,#REF!
Dental_services_out_network_prior,#REF!,#REF!
BOB_Rx_female_mem_65_over_prior,#REF!,#REF!
Med_MDC_admits_23_prior,#REF!,#REF!
aex_Amb_Tier3_claimants_02_curr,#REF!,#REF!
BOB_Dental_basic_paid_amt_curr,#REF!,#REF!
Rx_AHF_num_employees_prior,#REF!,#REF!
FDP_199_1_aUdv,#REF!,#REF!
FDP_175_1_aDrv,#REF!,#REF!
FYE1EBIT,#REF!,#REF!
Med_MDC_admits_07_curr,#REF!,#REF!
FYE2CapEx,#REF!,#REF!
aex_Tier3_Util_lab_services_curr,#REF!,#REF!
Product_08_delete_prior,#REF!,#REF!
BOB_num_cross_brand_claims_prior,#REF!,#REF!
BOB_Med_claim_count_above_threshold_prior,#REF!,#REF!
num_util_members_class_R_prior,#REF!,#REF!
aex_TOT_Claimants_curr,#REF!,#REF!
FundCode,#REF!,#REF!
Med_male_mem_65_over_prior,#REF!,#REF!
paid_female_20_44_prior,#REF!,#REF!
sum_paid_class_O_prior,#REF!,#REF!
aex_inp_OON_admits_14_curr,#REF!,#REF!
Dental_paid_amt_male_45_64_prior,#REF!,#REF!
Med_paid_amt_female_65_over_prior,#REF!,#REF!
EVEBIT,#REF!,#REF!
aex_inp_Tier1_paid_amt_09_curr,#REF!,#REF!
Aex_Amb_MDC_Range,#REF!,#REF!
Product_42_delete_prior,#REF!,#REF!
Med_MDC_inp_billed_03_prior,#REF!,#REF!
AHF_Med_claim_count_male_20_44_curr,#REF!,#REF!
adf_term_emp_fund_paid_prior,#REF!,#REF!
BOB_Med_MDC_inp_paid_05_curr,#REF!,#REF!
aex_inp_Tier2_admits_00_curr,#REF!,#REF!
SI_ER_VISITS_FOOTNOTE_DESCRIPTION,#REF!,#REF!
ADF_Fund_Report_Range,#REF!,#REF!
Med_claim_count_male_0_19_curr,#REF!,#REF!
num_claims_class_D_curr,#REF!,#REF!
_PE1,#REF!,#REF!
FDP_61_1_aUrv,#REF!,#REF!
CommunityRated_HPD_Row_22_delete,#REF!,#REF!
dental_prov_netw_sav_disc_out_network_curr,#REF!,#REF!
Rx_avg_age_members_curr,#REF!,#REF!
num_mod_brand_formulary_claims_prior,#REF!,#REF!
aex_Amb_OON_paid_amt_03_curr,#REF!,#REF!
Med_MDC_admits_06_prior,#REF!,#REF!
aex_inp_Tier1_admits_13_curr,#REF!,#REF!
FDP_174_1_aDrv,#REF!,#REF!
AmortPeriod,#REF!,#REF!
BOB_Med_MDC_claimants_23_curr,#REF!,#REF!
_bdm.B91BF0A48D364AFE9B706DF758CA7B5B.edm,#REF!,#REF!
BOB_Med_female_mem_20_44_prior,#REF!,#REF!
BOB_Dental_deductible_amt_curr,#REF!,#REF!
aex_inp_Tier2_days_07_curr,#REF!,#REF!
ahf_dental_expenses_curr,#REF!,#REF!
Dental_net_submitted_in_network_curr,#REF!,#REF!
Med_MDC_inp_paid_07_curr,#REF!,#REF!
Item3,#REF!,#REF!
Med_MDC_admits_10_prior,#REF!,#REF!
BOB_Rx_female_members_curr,#REF!,#REF!
aex_inp_Tier1_paid_amt_20_curr,#REF!,#REF!
PageNum,#REF!,#REF!
Product_06_delete_prior,#REF!,#REF!
Med_count_amb_visits_prior,#REF!,#REF!
adf_termed_tier1_rollover_pr_year_curr,#REF!,#REF!
CSynYear1,#REF!,#REF!
aex_Tier3_paid_amt_med_rx_curr,#REF!,#REF!
aex_Tier1_Util_other_spec_off_visits_curr,#REF!,#REF!
FI_Key_Stats_Ratio_Members_To_Employees,#REF!,#REF!
CurrentAssets,#REF!,#REF!
_bdm.635BC897BE9843D6A2C05F29B3D114D3.edm,#REF!,#REF!
ahf_tier1_rollover_pr_year_curr,#REF!,#REF!
aex_Amb_OON_claimants_02_curr,#REF!,#REF!
IQRSheet1P4,#REF!,#REF!
ahf_ahf_paid_amt_unknown_45_64_curr,#REF!,#REF!
aex_inp_Tier2_days_18_curr,#REF!,#REF!
sum_paid_class_K_curr,#REF!,#REF!
Med_MDC_claimants_03_prior,#REF!,#REF!
Med_male_mem_45_64_curr,#REF!,#REF!
sum_mod_brand_formulary_paid_amt_curr,#REF!,#REF!
dental_prov_netw_sav_disc_in_network_prior,#REF!,#REF!
BOB_num_util_members_prior,#REF!,#REF!
aex_OON_Util_total_curr,#REF!,#REF!
Med_admit_count_curr,#REF!,#REF!
Med_billed_amt_prim_off_visits_curr,#REF!,#REF!
AHF_Med_in_network_paid_amt_curr,#REF!,#REF!
Med_billed_encounter_prim_phys_prior,#REF!,#REF!
g,#REF!,#REF!
aex_Med_MDC_cd_10_curr,#REF!,#REF!
aex_OON_paid_amt_radiology_services_curr,#REF!,#REF!
Med_paid_encounter_other_curr,#REF!,#REF!
adf_tier4_emp_0_spend_curr,#REF!,#REF!
CoverPageBrokerName,#REF!,#REF!
aex_Amb_Tier2_claimants_21_curr,#REF!,#REF!
AS2TickmarkLS,#REF!,#REF!
adf_tier2_cr_fund_remaining_curr,#REF!,#REF!
_Key1b,#REF!,#REF!
FDP_42_1_aUrv,#REF!,#REF!
FDP_151_1_aUrv,#REF!,#REF!
EBIT,#REF!,#REF!
FOV_46_Range,#REF!,#REF!
MinIntInc,#REF!,#REF!
Med_MDC_inp_paid_18_curr,#REF!,#REF!
adf_termed_tier2_emp_100_spend_curr,#REF!,#REF!
BOB_Med_MDC_paid_07_curr,#REF!,#REF!
DebtSr,#REF!,#REF!
Dental_paid_amt_female_20_44_curr,#REF!,#REF!
aex_inp_OON_days_08_curr,#REF!,#REF!
aex_inp_Tier2_admits_11_curr,#REF!,#REF!
formulary_prior,#REF!,#REF!
aex_Tier2_paid_amt_mental_health_visits_curr,#REF!,#REF!
BOB_Med_MDC_paid_04_curr,#REF!,#REF!
Med_paid_encounter_spec_phys_curr,#REF!,#REF!
ItemLabel1,#REF!,#REF!
dent_tot_services_aetna_ppo_II_ntwk_prior,#REF!,#REF!
Dental_cost_share_cob_amt_curr,#REF!,#REF!
ahf_srv_copay_amt_unknown_65_over_curr,#REF!,#REF!
Med_inp_surgery_count_prior,#REF!,#REF!
BOB_Med_MDC_admits_03_curr,#REF!,#REF!
solver_opt,#REF!,#REF!
sum_svc_copay_amt_non_mac_mod_prior,#REF!,#REF!
adf_total_emp_99_75_spend_curr,#REF!,#REF!
Target,#REF!,#REF!
SharesYear2T,#REF!,#REF!
Prov_net_total_admits_curr,#REF!,#REF!
BLPH8,#REF!,#REF!
ACCRETE,#REF!,#REF!
Product_03_members,#REF!,#REF!
aex_inp_OON_paid_amt_21_curr,#REF!,#REF!
Rx_AHF_female_mem_0_19_curr,#REF!,#REF!
num_specialty_generic_claims_prior,#REF!,#REF!
_bdm.BA759280F5E749B5B422ACEA85F12DF4.edm,#REF!,#REF!
AHF_Med_fund_paid_amt_total_prior,#REF!,#REF!
AHF_Med_paid_amt_total_prior,#REF!,#REF!
ahf_srv_copay_amt_female_65_over_curr,#REF!,#REF!
FDP_59_1_aUrv,#REF!,#REF!
dental_elig_denials_in_network_prior,#REF!,#REF!
num_claims_class_H_curr,#REF!,#REF!
aex_inp_Tier2_paid_amt_13_curr,#REF!,#REF!
BOB_Med_paid_amt_amb_surgeries_curr,#REF!,#REF!
BOB_Med_MDC_paid_06_curr,#REF!,#REF!
AHF_Med_male_mem_0_19_curr,#REF!,#REF!
Dental_network_discount_in_network_prior,#REF!,#REF!
BOB_Med_num_members_prior,#REF!,#REF!
Product_40_members,#REF!,#REF!
aex_Amb_Tier1_paid_amt_08_curr,#REF!,#REF!
p,#REF!,#REF!
Total_Market_Size_Calculations,#REF!,#REF!
_Low1,#REF!,#REF!
Description2,#REF!,#REF!
BOB_Med_male_members_prior,#REF!,#REF!
Med_MDC_paid_07_curr,#REF!,#REF!
aex_inp_Tier3_admits_20_curr,#REF!,#REF!
BOB_Med_MDC_admits_13_curr,#REF!,#REF!
sum_paid_class_J_prior,#REF!,#REF!
FDP_80_1_aSrv,#REF!,#REF!
Med_MDC_amb_billed_04_prior,#REF!,#REF!
Rx_AHF_female_mem_20_44_prior,#REF!,#REF!
sum_calcing_cost_amt_mac_mod_curr,#REF!,#REF!
_bdm.439F92B752CE4140AA16328E16839C0C.edm,#REF!,#REF!
Rx_AHF_female_mem_45_64_prior,#REF!,#REF!
sum_mod_brand_formulary_plan_paid_amt_prior,#REF!,#REF!
aex_OOC_Paid_Amt_curr,#REF!,#REF!
BOB_sum_formulary_paid_amt_curr,#REF!,#REF!
FDP_79_1_aUrv,#REF!,#REF!
FDP_158_1_aUrv,#REF!,#REF!
BOB_Med_MDC_admits_19_curr,#REF!,#REF!
Rx_unknown_mem_0_19_prior,#REF!,#REF!
aex_inp_Tier3_admits_05_curr,#REF!,#REF!
AHF_Med_claim_count_female_45_64_curr,#REF!,#REF!
Dental_services_other_curr,#REF!,#REF!
num_util_members_class_P_curr,#REF!,#REF!
aex_inp_OON_paid_amt_17_curr,#REF!,#REF!
FOV_73_Range,#REF!,#REF!
Med_billed_encounter_other_prior,#REF!,#REF!
dental_employee_in_network_curr,#REF!,#REF!
BOB_Med_paid_encounter_other_curr,#REF!,#REF!
adf_total_termd_cr_fund_remaining_curr,#REF!,#REF!
StatLabel1,#REF!,#REF!
Med_MDC_billed_06_curr,#REF!,#REF!
Med_count_spec_office_visits_curr,#REF!,#REF!
EBITDAR,#REF!,#REF!
Existing,#REF!,#REF!
aex_inp_OON_paid_amt_08_curr,#REF!,#REF!
Product_RX_delete_prior,#REF!,#REF!
DLRange01,#REF!,#REF!
IQRCompsAS140,#REF!,#REF!
FDP_11_1_aDrv,#REF!,#REF!
DA_Off_Page_Range,#REF!,#REF!
sum_total_days_curr,#REF!,#REF!
aex_OON_paid_amt_er_visits_curr,#REF!,#REF!
Med_MDC_inp_paid_18_prior,#REF!,#REF!
aex_Amb_Tier1_paid_amt_10_curr,#REF!,#REF!
IQRCompsAU183,#REF!,#REF!
FOV_40_Range,#REF!,#REF!
___s3,#REF!,#REF!
aex_Amb_Tier3_paid_amt_08_curr,#REF!,#REF!
PELTM,#REF!,#REF!
num_formulary_claims_curr,#REF!,#REF!
Product_71_delete_prior,#REF!,#REF!
num_util_members_class_L_prior,#REF!,#REF!
Rx_AHF_unknown_mem_20_44_prior,#REF!,#REF!
BOB_Dental_major_svcs_prior,#REF!,#REF!
dental_cob_out_network_curr,#REF!,#REF!
Med_paid_amt_male_65_over_prior,#REF!,#REF!
Median7,#REF!,#REF!
Med_MDC_billed_04_prior,#REF!,#REF!
Med_MDC_paid_17_prior,#REF!,#REF!
adf_termed_tier3_cr_clm_paid_with_rollover_funds_curr,#REF!,#REF!
BOB_Med_paid_amt_home_health_prior,#REF!,#REF!
BOB_Med_MDC_amb_paid_17_curr,#REF!,#REF!
sum_paid_class_B_curr,#REF!,#REF!
ADYear1,#REF!,#REF!
dental_cob_in_network_prior,#REF!,#REF!
ahf_calc_ing_cost_amt_male_45_64_curr,#REF!,#REF!
Med_MDC_days_18_curr,#REF!,#REF!
BOB_Med_male_mem_45_64_curr,#REF!,#REF!
Total_Pay,#REF!,#REF!
AHF_Med_admit_count_prior,#REF!,#REF!
Med_inp_network_discount_prior,#REF!,#REF!
AHF_Med_unknown_mem_45_64_curr,#REF!,#REF!
aex_inp_Tier1_admits_24_curr,#REF!,#REF!
FYE2NetInc,#REF!,#REF!
Check_For_Split_Funded_Medical,#REF!,#REF!
aex_OON_paid_amt_misc_med_curr,#REF!,#REF!
AHF_Med_allowed_amt_unknown_45_64_curr,#REF!,#REF!
aex_Tier3_paid_amt_amb_surgeries_curr,#REF!,#REF!
StopLightingCostShare,#REF!,#REF!
FDP_93_1_aUrv,#REF!,#REF!
Med_MDC_days_10_curr,#REF!,#REF!
sum_brand_multisource_copay_curr,#REF!,#REF!
Med_num_members_curr,#REF!,#REF!
num_specialty_brand_formulary_claims_curr,#REF!,#REF!
sum_generic_paid_amt_prior,#REF!,#REF!
ahf_act_emp_plus_fam_fund_paid_curr,#REF!,#REF!
BOB_Med_MDC_claimants_01_curr,#REF!,#REF!
AHF_Med_paid_amt_female_65_over_curr,#REF!,#REF!
Product_58_delete_prior,#REF!,#REF!
StatLabel9,#REF!,#REF!
ahf_tier1_cr_claim_paid_with_cr_funds_curr,#REF!,#REF!
dent_net_avg_sub_charges_ppo_max_cust_spec_ntwk_prior,#REF!,#REF!
sum_paid_class_A_prior,#REF!,#REF!
aex_OON_paid_amt_med_services_visits_curr,#REF!,#REF!
BOB_Med_MDC_amb_paid_09_curr,#REF!,#REF!
med_cost_space_range2,#REF!,#REF!
aex_OON_Util_other_spec_off_visits_curr,#REF!,#REF!
Rx_AHF_unknown_mem_65_over_curr,#REF!,#REF!
Rx_unknown_mem_45_64_curr,#REF!,#REF!
aex_OON_Util_spec_off_visits_curr,#REF!,#REF!
_bdm.E759967588A5442C9B723120C8E73070.edm,#REF!,#REF!
XRefPaste2Row,#REF!,#REF!
Med_copay_amt_curr,#REF!,#REF!
aex_inp_Tier1_admits_11_curr,#REF!,#REF!
sum_mod_non_brand_formulary_paid_amt_curr,#REF!,#REF!
aex_inp_Tier2_days_20_curr,#REF!,#REF!
Product_41_delete_prior,#REF!,#REF!
IQRCompsAP183,#REF!,#REF!
Med_phys_par_r_c_savings_amt_prior,#REF!,#REF!
aex_Amb_Tier2_paid_amt_18_curr,#REF!,#REF!
num_util_members_class_J_prior,#REF!,#REF!
BOB_Dental_other_svcs_curr,#REF!,#REF!
EPSYear2C,#REF!,#REF!
num_claims_class_M_prior,#REF!,#REF!
num_util_members_class_N_prior,#REF!,#REF!
ahf_tier3_emp_24_1_spend_curr,#REF!,#REF!
BOB_Dental_basic_svcs_curr,#REF!,#REF!
Cost_Sharing_Analysis_Dental_Range,#REF!,#REF!
ItemLabel8,#REF!,#REF!
Data_Availability_Summary_Range,#REF!,#REF!
Med_MDC_inp_paid_03_prior,#REF!,#REF!
_bdm.2F7A28C715A34E59ACD47BF4ACFF5BEC.edm,#REF!,#REF!
Product_44_members,#REF!,#REF!
HighDate,#REF!,#REF!
Med_paid_encounter_prim_phys_prior,#REF!,#REF!
BH_BOB_Rx_female_members_curr,#REF!,#REF!
__MUM25,#REF!,#REF!
BOB_Med_MDC_admits_08_curr,#REF!,#REF!
_MUM32,#REF!,#REF!
Medic_male_mem_75_79_prior,#REF!,#REF!
aex_inp_Tier1_paid_amt_01_curr,#REF!,#REF!
AHF_Med_emp_paid_amt_male_45_64_curr,#REF!,#REF!
sum_svc_copay_amt_brand_retail_prior,#REF!,#REF!
aex_Amb_Tier1_paid_amt_01_curr,#REF!,#REF!
lookup_report_name,#REF!,#REF!
Product_RX_members,#REF!,#REF!
AHF_Med_emp_paid_amt_unknown_45_64_curr,#REF!,#REF!
SBP_Network_Discount_Savings_Percent,#REF!,#REF!
aex_Amb_Tier3_paid_amt_00_curr,#REF!,#REF!
SBP_Percent_Allowed_Amount,#REF!,#REF!
aex_Tier2_paid_amt_lab_services_curr,#REF!,#REF!
aex_Amb_Tier3_paid_amt_24_curr,#REF!,#REF!
aex_Tier1_Util_total_curr,#REF!,#REF!
num_brand_claims_prior,#REF!,#REF!
LOGINS_Quarter,#REF!,#REF!
__MUM32,#REF!,#REF!
aex_inp_Tier3_admits_22_curr,#REF!,#REF!
ahf_tier3_rollover_fund_remaining_curr,#REF!,#REF!
IQRCompsAU154,#REF!,#REF!
aex_inp_Tier1_days_03_curr,#REF!,#REF!
FDP_163_1_aSrv,#REF!,#REF!
adf_termed_tier1_cr_clm_paid_with_rollover_funds_curr,#REF!,#REF!
dental_spouse_out_network_curr,#REF!,#REF!
FDP_10_1_aUrv,#REF!,#REF!
adf_term_emp_plus_1_fund_paid_prior,#REF!,#REF!
aex_Tier1_Util_mental_health_visits_curr,#REF!,#REF!
EVEBITDA2,#REF!,#REF!
BOB_Dental_cob_amt_curr,#REF!,#REF!
BOB_Rx_female_mem_65_over_curr,#REF!,#REF!
Med_MDC_inp_paid_999_prior,#REF!,#REF!
dent_tot_services_aetna_ppo_II_ntwk_curr,#REF!,#REF!
dental_not_medically_necess_out_network_curr,#REF!,#REF!
aex_Amb_Tier3_claimants_22_curr,#REF!,#REF!
DebtT,#REF!,#REF!
adf_tier1_emp_74_50_spend_curr,#REF!,#REF!
Med_MDC_admits_19_prior,#REF!,#REF!
aex_Amb_Tier3_paid_amt_21_curr,#REF!,#REF!
AHF_Med_fund_paid_amt_medical_rx_curr,#REF!,#REF!
sic2low,#REF!,#REF!
Company,#REF!,#REF!
FDP_137_1_aUrv,#REF!,#REF!
aex_inp_OON_admits_07_curr,#REF!,#REF!
Product_59_members,#REF!,#REF!
adf_total_emp_100_spend_curr,#REF!,#REF!
BrandMultiAverageCopay,#REF!,#REF!
Dental_unknown_members_prior,#REF!,#REF!
AHF_Med_fund_paid_amt_male_65_over_curr,#REF!,#REF!
num_claims_class_I_prior,#REF!,#REF!
aex_inp_OON_paid_amt_04_curr,#REF!,#REF!
ls02.Selected,#REF!,#REF!
PrefT,#REF!,#REF!
StopLightStart,#REF!,#REF!
FOV_11_Range,#REF!,#REF!
Med_MDC_inp_billed_12_prior,#REF!,#REF!
HPD_paid_amt_other_prior,#REF!,#REF!
sum_specialty_plan_paid_amt_prior,#REF!,#REF!
dental_coinsurance_copay_in_network_prior,#REF!,#REF!
Rx_AHF_male_mem_0_19_prior,#REF!,#REF!
AHF_Med_unknown_mem_20_44_prior,#REF!,#REF!
gpi_name_class_E_curr,#REF!,#REF!
BOB_sum_other_generic_paid_amt_curr,#REF!,#REF!
Med_amb_paid_amt_above_threshold_curr,#REF!,#REF!
FDP_133_1_aUrv,#REF!,#REF!
ahf_tier4_rollover_fund_remaining_curr,#REF!,#REF!
AHFFamilyDollarsCurr,#REF!,#REF!
aex_Tier2_Util_primary_off_visits_curr,#REF!,#REF!
si_exec_summary_row44,#REF!,#REF!
AHF_Med_inp_paid_amt_prior,#REF!,#REF!
Scheduled_Monthly_Payment,#REF!,#REF!
Run_TOC_Switch,#REF!,#REF!
BH_BOB_Med_num_employees_curr,#REF!,#REF!
Dental_male_members_curr,#REF!,#REF!
Dental_male_mem_0_19_curr,#REF!,#REF!
Footnote2,#REF!,#REF!
Med_claim_count_unknown_0_19_curr,#REF!,#REF!
BOB_num_brand_singlesource_claims_prior,#REF!,#REF!
sum_awp_amt_non_mac_retail_curr,#REF!,#REF!
AHF_Med_fund_paid_amt_female_65_over_curr,#REF!,#REF!
ahf_termed_tier2_emp_0_spend_curr,#REF!,#REF!
aex_tier1_utlilization_tot_prior,#REF!,#REF!
sum_salestax_amt_non_mac_specialty_prior,#REF!,#REF!
adf_total_active_employee_curr,#REF!,#REF!
FOV_10_Range,#REF!,#REF!
sum_mod_non_brand_formulary_paid_amt_prior,#REF!,#REF!
_bdm.3803A7941AB5419A8F5B3F22659B0C31.edm,#REF!,#REF!
FDP_43_1_aUrv,#REF!,#REF!
BOB_Med_MDC_amb_paid_00_curr,#REF!,#REF!
FI_Key_Stats_Footnote4_Range,#REF!,#REF!
adf_termed_tier2_emp_49_25_spend_curr,#REF!,#REF!
aex_inp_Tier2_paid_amt_09_curr,#REF!,#REF!
IQRCompsAS241,#REF!,#REF!
aex_Tier2_paid_amt_med_rx_curr,#REF!,#REF!
_bdm.FB06355068A6473E8BFD84F095498EEF.edm,#REF!,#REF!
_MUM10,#REF!,#REF!
sum_awp_amt_non_mac_retail_prior,#REF!,#REF!
BadLink,#REF!,#REF!
dent_tot_services_aetna_ppo_ntwk_prior,#REF!,#REF!
BOB_Med_MDC_claimants_18_curr,#REF!,#REF!
AHF_Med_emp_paid_amt_total_prior,#REF!,#REF!
XREF_COLUMN_9,#REF!,#REF!
Med_MDC_inp_billed_02_curr,#REF!,#REF!
Med_paid_amt_prim_off_visits_curr,#REF!,#REF!
aex_Amb_Tier2_claimants_07_curr,#REF!,#REF!
sum_paid_class_P_prior,#REF!,#REF!
RefinTrig,#REF!,#REF!
aex_inp_Tier2_paid_amt_15_curr,#REF!,#REF!
Product_72_members,#REF!,#REF!
Med_par_admit_count_prior,#REF!,#REF!
BH_BOB_Rx_male_mem_20_44_curr,#REF!,#REF!
BOB_Med_MDC_paid_13_curr,#REF!,#REF!
Med_MDC_amb_paid_02_prior,#REF!,#REF!
aex_inp_Tier3_paid_amt_08_curr,#REF!,#REF!
ahf_tier2_tot_fund_available_curr,#REF!,#REF!
Med_MDC_inp_billed_06_curr,#REF!,#REF!
SizePremiaRange,#REF!,#REF!
EPSYear1T,#REF!,#REF!
Conversion_Rate,#REF!,#REF!
DebtEBITDA,#REF!,#REF!
FDP_5_1_aDrv,#REF!,#REF!
Med_MDC_amb_billed_13_curr,#REF!,#REF!
_Table2_In2,#REF!,#REF!
Exclude_MDC_Range,#REF!,#REF!
ahf_total_termd_emp_99_75_spend_curr,#REF!,#REF!
Dental_male_mem_20_44_prior,#REF!,#REF!
sum_prof_fee_amt_non_mac_retail_curr,#REF!,#REF!
Remove_Aetna_Spec_Ntwk,#REF!,#REF!
ItemLabel9,#REF!,#REF!
BOB_Med_par_admit_count_prior,#REF!,#REF!
_bdm.68C63F4515314BF89862B5A20C1BD7F8.edm,#REF!,#REF!
FDP_123_1_aUrv,#REF!,#REF!
dent_tot_services_cust_spec_ntwk_prior,#REF!,#REF!
aex_Amb_OON_claimants_07_curr,#REF!,#REF!
Med_MDC_billed_14_curr,#REF!,#REF!
ahf_tier2_rollover_fund_remaining_curr,#REF!,#REF!
aex_Tier3_Util_total_curr,#REF!,#REF!
Med_unknown_mem_65_over_curr,#REF!,#REF!
IQRCompsP140,#REF!,#REF!
Med_MDC_claimants_09_curr,#REF!,#REF!
aex_inp_Tier1_admits_08_curr,#REF!,#REF!
aex_inp_Tier1_admits_06_curr,#REF!,#REF!
_bdm.4DC3AE1E0F744F5D9EF18EA21D885678.edm,#REF!,#REF!
ahf_tier4_Incentive_fund_earned_curr,#REF!,#REF!
AHF_Med_fund_paid_amt_spec_phys_curr,#REF!,#REF!
num_claims_class_A_prior,#REF!,#REF!
NIC,#REF!,#REF!
BOB_Med_MDC_claimants_21_curr,#REF!,#REF!
DebtEnt,#REF!,#REF!
Taxes,#REF!,#REF!
aex_inp_Tier3_days_03_curr,#REF!,#REF!
source,#REF!,#REF!
AHF_Medical_Demographics_Range,#REF!,#REF!
BOB_Med_MDC_inp_paid_09_curr,#REF!,#REF!
ahf_tier3_cr_year_initial_fund_curr,#REF!,#REF!
sum_calcing_cost_amt_non_mac_specialty_curr,#REF!,#REF!
AHF_Med_fund_in_network_paid_amt_curr,#REF!,#REF!
HPD_number_claimants_coronary_artery_disease_prior,#REF!,#REF!
Product_41_members,#REF!,#REF!
BOB_Med_MDC_admits_04_curr,#REF!,#REF!
aex_Amb_Tier3_claimants_17_curr,#REF!,#REF!
Rx_GPI_Roll_Up_Categories_Range,#REF!,#REF!
sum_paid_class_L_curr,#REF!,#REF!
dental_other_out_network_curr,#REF!,#REF!
__MUM21,#REF!,#REF!
FI_Key_Stats_Rows23_Rows27_Range,#REF!,#REF!
Product_01_delete_prior,#REF!,#REF!
__MUM12,#REF!,#REF!
aex_inp_OON_days_18_curr,#REF!,#REF!
curr_yyyymmdd_incurred_end_date,#REF!,#REF!
Med_MDC_admits_12_curr,#REF!,#REF!
Dental_unknown_mem_0_19_curr,#REF!,#REF!
sum_salestax_amt_mac_specialty_curr,#REF!,#REF!
gpi_name_class_A_curr,#REF!,#REF!
BOB_Med_MDC_inp_paid_13_curr,#REF!,#REF!
ahf_total_termd_cr_year_initial_fund_curr,#REF!,#REF!
AexcelBOBDate,#REF!,#REF!
aex_Amb_Tier1_paid_amt_18_curr,#REF!,#REF!
FYE2CashFlow,#REF!,#REF!
adf_act_total_fund_paid_curr,#REF!,#REF!
_MUM23,#REF!,#REF!
DrillDownBOBSIKeyStats,#REF!,#REF!
ReportEPS,#REF!,#REF!
Med_MDC_inp_billed_22_curr,#REF!,#REF!
_MUM18,#REF!,#REF!
MDC_CD_16,#REF!,#REF!
mod_claims_prior,#REF!,#REF!
aex_inp_Tier1_paid_amt_22_curr,#REF!,#REF!
mt,#REF!,#REF!
Med_MDC_inp_billed_11_prior,#REF!,#REF!
aex_inp_Tier1_days_12_curr,#REF!,#REF!
num_util_members_class_K_prior,#REF!,#REF!
Med_MDC_billed_08_curr,#REF!,#REF!
PretaxItems2,#REF!,#REF!
sum_mod_non_brand_formulary_plan_paid_amt_prior,#REF!,#REF!
singlesource_util_curr,#REF!,#REF!
Product_30_delete_prior,#REF!,#REF!
__123Graph_XChart1,#REF!,#REF!
aex_inp_Tier3_admits_15_curr,#REF!,#REF!
aex_inp_Tier3_paid_amt_09_curr,#REF!,#REF!
Product_76_delete_prior,#REF!,#REF!
sum_awp_amt_brand_retail_curr,#REF!,#REF!
dent_net_avg_sub_charges_ppo_out_ntwk_prior,#REF!,#REF!
Med_MDC_paid_03_curr,#REF!,#REF!
PrefA,#REF!,#REF!
Med_paid_amt_male_45_64_curr,#REF!,#REF!
BOB_Med_MDC_inp_paid_11_curr,#REF!,#REF!
BOB_Med_MDC_days_11_curr,#REF!,#REF!
AHF_Med_claim_count_female_20_44_curr,#REF!,#REF!
adf_termed_tier1_rollover_fund_remaining_curr,#REF!,#REF!
DaysInv,#REF!,#REF!
Med_MDC_days_999_prior,#REF!,#REF!
highempty,#REF!,#REF!
dental_non_covered_serv_in_network_prior,#REF!,#REF!
Med_MDC_days_01_curr,#REF!,#REF!
OptionsTrig,#REF!,#REF!
Dental_cost_share_coins_amt_prior,#REF!,#REF!
aex_Amb_OON_paid_amt_23_curr,#REF!,#REF!
FDP_53_1_aUrv,#REF!,#REF!
BOB_Med_MDC_inp_paid_07_curr,#REF!,#REF!
row_height_current,#REF!,#REF!
ComDivPaid,#REF!,#REF!
num_specialty_non_brand_formulary_claims_curr,#REF!,#REF!
Med_paid_amt_med_visits_curr,#REF!,#REF!
Footnote3,#REF!,#REF!
BOB_Med_MDC_days_01_curr,#REF!,#REF!
Med_avg_age_members_prior,#REF!,#REF!
Med_MDC_claimants_15_prior,#REF!,#REF!
FDP_22_1_aDrv,#REF!,#REF!
dent_tot_services_aetna_ppo_ntwk_curr,#REF!,#REF!
Rx_male_members_curr,#REF!,#REF!
dental_alt_ben_in_network_prior,#REF!,#REF!
Med_MDC_days_05_prior,#REF!,#REF!
FDP_0_1_aUrv,#REF!,#REF!
_Sort,#REF!,#REF!
BOB_Dental_allowed_amt_prior,#REF!,#REF!
TransExp,#REF!,#REF!
BOB_Med_MDC_admits_09_curr,#REF!,#REF!
Med_MDC_admits_03_curr,#REF!,#REF!
FDP_13_1_aDrv,#REF!,#REF!
Preferred,#REF!,#REF!
BOB_Med_MDC_days_23_curr,#REF!,#REF!
Premium,#REF!,#REF!
IQRCompsAW225,#REF!,#REF!
ic,#REF!,#REF!
Med_billed_amt_home_health_prior,#REF!,#REF!
aex_Amb_OON_paid_amt_08_curr,#REF!,#REF!
Cust_Spec_Ntwk_Exp_PPO_Max_Sav_Neg_Arrang,#REF!,#REF!
BOB_Med_MDC_claimants_04_curr,#REF!,#REF!
BOB_Med_male_members_curr,#REF!,#REF!
BH_BOB_Med_unknown_mem_45_64_curr,#REF!,#REF!
aex_inp_Tier1_paid_amt_11_curr,#REF!,#REF!
adf_termed_tier4_emp_24_1_spend_curr,#REF!,#REF!
sum_mod_brand_formulary_plan_paid_amt_curr,#REF!,#REF!
Med_MDC_admits_23_curr,#REF!,#REF!
FDP_103_1_aUrv,#REF!,#REF!
aex_inp_Tier3_paid_amt_23_curr,#REF!,#REF!
AHF_Med_male_mem_45_64_curr,#REF!,#REF!
Last_Row,#REF!,#REF!
BOB_Med_MDC_days_14_curr,#REF!,#REF!
BOB_sum_brand_multisource_paid_amt_curr,#REF!,#REF!
_bdm.300AD74A4CB340EC819E80CB01F466A0.edm,#REF!,#REF!
AHF_Med_num_members_prior,#REF!,#REF!
BOB_Dental_orthodonic_svcs_prior,#REF!,#REF!
BV,#REF!,#REF!
BOB_Med_male_mem_20_44_curr,#REF!,#REF!
Medicare_Billed_female_mem_70_74_curr,#REF!,#REF!
IQRCompsAR140,#REF!,#REF!
MinIntMarket,#REF!,#REF!
ahf_srv_copay_amt_male_65_over_curr,#REF!,#REF!
aex_Med_MDC_cd_21_curr,#REF!,#REF!
Med_MDC_amb_billed_17_prior,#REF!,#REF!
RevT,#REF!,#REF!
Med_MDC_cd_12_prior,#REF!,#REF!
Dental_services_in_network_prior,#REF!,#REF!
Product_14_members,#REF!,#REF!
aex_inp_Tier3_days_20_curr,#REF!,#REF!
aex_Tier1_Util_inp_surgeries_curr,#REF!,#REF!
Med_MDC_inp_paid_22_curr,#REF!,#REF!
HPD_bob_prevalence_asthma_prior,#REF!,#REF!
WarrantPrice,#REF!,#REF!
Med_paid_amt_prior,#REF!,#REF!
ahf_srv_copay_amt_unknown_20_44_curr,#REF!,#REF!
BOB_Med_MDC_admits_20_curr,#REF!,#REF!
gpi_name_class_P_curr,#REF!,#REF!
adf_termed_tier4_Incentive_fund_earned_curr,#REF!,#REF!
ahf_tier3_emp_99_75_spend_curr,#REF!,#REF!
aex_inp_OON_days_13_curr,#REF!,#REF!
FOV_42_Range,#REF!,#REF!
aex_Med_MDC_cd_09_curr,#REF!,#REF!
__123Graph_D,#REF!,#REF!
aex_Tier1_Util_amb_surgeries_curr,#REF!,#REF!
aex_inp_Tier1_paid_amt_08_curr,#REF!,#REF!
Rx_AHF_unknown_mem_0_19_curr,#REF!,#REF!
sum_generic_avg_paid_claim_prior,#REF!,#REF!
AHF_Med_fund_paid_amt_unknown_20_44_curr,#REF!,#REF!
Med_MDC_amb_paid_16_curr,#REF!,#REF!
DebtEntInc,#REF!,#REF!
PB,#REF!,#REF!
Med_MDC_claimants_07_prior,#REF!,#REF!
CAGRTrig,#REF!,#REF!
aex_inp_OON_paid_amt_00_curr,#REF!,#REF!
Med_MDC_cd_02_curr,#REF!,#REF!
_25Table2_,#REF!,#REF!
Dental_basic_paid_amt_curr,#REF!,#REF!
BOB_Med_MDC_admits_21_curr,#REF!,#REF!
Med_MDC_days_16_curr,#REF!,#REF!
HPD_paid_amt_low_back_prior,#REF!,#REF!
StartMonth,#REF!,#REF!
ahf_tier4_emp_100_spend_curr,#REF!,#REF!
Med_MDC_admits_15_curr,#REF!,#REF!
util_mem_male_0_19_curr,#REF!,#REF!
BLPH6,#REF!,#REF!
AHF_Med_allowed_amt_unknown_65_over_curr,#REF!,#REF!
BOB_Dental_major_svcs_curr,#REF!,#REF!
Med_MDC_days_999_curr,#REF!,#REF!
aex_inp_Tier3_admits_09_curr,#REF!,#REF!
ahf_rx_num_brand_claims_curr,#REF!,#REF!
Med_MDC_amb_paid_01_curr,#REF!,#REF!
Med_MDC_days_13_prior,#REF!,#REF!
Med_female_mem_45_64_curr,#REF!,#REF!
BOB_Med_MDC_cd_12_curr,#REF!,#REF!
FDP_33_1_aDrv,#REF!,#REF!
Med_MDC_admits_09_prior,#REF!,#REF!
Med_MDC_amb_paid_21_prior,#REF!,#REF!
XREF_COLUMN_12,#REF!,#REF!
Rx_AHF_Ind,#REF!,#REF!
Rx_unknown_members_curr,#REF!,#REF!
ahf_member_cnt_female_20_44_curr,#REF!,#REF!
IntExp,#REF!,#REF!
adf_tier1_emp_0_spend_curr,#REF!,#REF!
output,#REF!,#REF!
Med_MDC_inp_paid_23_prior,#REF!,#REF!
Med_MDC_claimants_10_curr,#REF!,#REF!
aex_Amb_Tier1_paid_amt_06_curr,#REF!,#REF!
Med_billed_encounter_prim_phys_curr,#REF!,#REF!
_bdm.7C94300BA80D11D6B6520010A48BFF38.edm,#REF!,#REF!
__MUM18,#REF!,#REF!
Dental_dependent_paid_amt_prior,#REF!,#REF!
__123Graph_AChart1,#REF!,#REF!
r.Market,#REF!,#REF!
FDP_125_1_aUrv,#REF!,#REF!
__MUM13,#REF!,#REF!
Med_claim_count_female_45_64_prior,#REF!,#REF!
BOB_Med_avg_age_members_curr,#REF!,#REF!
EV2Other2,#REF!,#REF!
Remove_Aetna_PPO_II_Ntwk,#REF!,#REF!
adf_tier1_cr_year_initial_fund_curr,#REF!,#REF!
AdjTaxes,#REF!,#REF!
adf_termed_tier3_cr_year_initial_fund_curr,#REF!,#REF!
rngEndDate,#REF!,#REF!
Med_MDC_amb_paid_13_prior,#REF!,#REF!
Dental_paid_amt_female_45_64_prior,#REF!,#REF!
AHF_Med_amb_paid_amt_prior,#REF!,#REF!
Product_09_delete_prior,#REF!,#REF!
rngRangeName,#REF!,#REF!
Med_deductible_amt_curr,#REF!,#REF!
Check_For_Plan_Selection,#REF!,#REF!
Med_billed_amt_unknown_20_44_curr,#REF!,#REF!
aex_inp_Tier1_days_07_curr,#REF!,#REF!
aex_inp_Tier3_days_14_curr,#REF!,#REF!
IQRCOMPANYA2AX89,#REF!,#REF!
Int,#REF!,#REF!
Med_claim_count_male_45_64_prior,#REF!,#REF!
Rx_AHF_unknown_mem_20_44_curr,#REF!,#REF!
Med_paid_amt_misc_med_prior,#REF!,#REF!
Med_billed_encounter_spec_phys_curr,#REF!,#REF!
_Yr2,#REF!,#REF!
sum_generic_calc_ing_prior,#REF!,#REF!
dental_orthodontic_out_network_prior,#REF!,#REF!
Item8,#REF!,#REF!
Num_Pmt_Per_Year,#REF!,#REF!
FOV_SI_Product_01_Range,#REF!,#REF!
Med_days_count_prior,#REF!,#REF!
aex_inp_Tier3_paid_amt_14_curr,#REF!,#REF!
aex_Amb_Tier3_paid_amt_13_curr,#REF!,#REF!
Dental_male_mem_45_64_curr,#REF!,#REF!
ahf_calc_ing_cost_amt_total_prior,#REF!,#REF!
rngDialogType,#REF!,#REF!
IQRCompsAV198,#REF!,#REF!
_MUM29,#REF!,#REF!
dent_tot_services_cust_spec_ntwk_curr,#REF!,#REF!
QuickRatio,#REF!,#REF!
Financial_Overview_Medical_Range,#REF!,#REF!
MedicalIndemnityProduct,#REF!,#REF!
FOV_30_Range,#REF!,#REF!
specialty_paid_amt_prior,#REF!,#REF!
FDP_189_1_aUdv,#REF!,#REF!
Product_51_members,#REF!,#REF!
Dental_paid_amt_female_0_19_prior,#REF!,#REF!
ahf_total_termd_emp_0_spend_curr,#REF!,#REF!
FDP_81_1_aUrv,#REF!,#REF!
BOB_Rx_female_mem_45_64_prior,#REF!,#REF!
Dental_preventative_svcs_prior,#REF!,#REF!
IQRCOMPANYA2AT89,#REF!,#REF!
aex_Tier2_Inp_Paid_Amt_curr,#REF!,#REF!
paid_female_20_44_curr,#REF!,#REF!
aex_Med_MDC_cd_02_curr,#REF!,#REF!
BOB_Rx_unknown_mem_45_64_curr,#REF!,#REF!
BrandAverageCopay,#REF!,#REF!
dental_reason_cust_in_network_prior,#REF!,#REF!
BOB_Med_par_admit_count_curr,#REF!,#REF!
Dental_net_submitted_other_curr,#REF!,#REF!
FDP_183_1_aDrv,#REF!,#REF!
gpi_name_class_B_prior,#REF!,#REF!
aex_inp_OON_days_24_curr,#REF!,#REF!
Med_MDC_inp_paid_07_prior,#REF!,#REF!
AHF_Med_emp_paid_amt_unknown_20_44_curr,#REF!,#REF!
aex_Amb_OON_claimants_20_curr,#REF!,#REF!
Med_billed_amt_mental_health_curr,#REF!,#REF!
aex_OON_Util_primary_off_visits_curr,#REF!,#REF!
_bdm.F0C4D0A06132474297172E66F1E293D3.edm,#REF!,#REF!
mdc_na_bob_column1,#REF!,#REF!
Med_phys_par_r_c_savings_amt_curr,#REF!,#REF!
AHF_Med_female_mem_65_over_curr,#REF!,#REF!
ahf_rx_num_claims_curr,#REF!,#REF!
aex_inp_Tier1_days_24_curr,#REF!,#REF!
ProcStartDatePrior,#REF!,#REF!
sum_paid_class_G_prior,#REF!,#REF!
AHF_Med_office_visits_count_curr,#REF!,#REF!
aex_inp_Tier3_days_23_curr,#REF!,#REF!
ahf_total_emp_100_spend_curr,#REF!,#REF!
HPD_number_claimants_coronary_artery_disease_curr,#REF!,#REF!
BOB_Med_female_mem_45_64_prior,#REF!,#REF!
AHF_Med_fund_paid_amt_male_20_44_curr,#REF!,#REF!
Med_billed_encounter_lab_rad_curr,#REF!,#REF!
aex_OOC_Inp_Paid_Amt_curr,#REF!,#REF!
FDP_186_1_aUdv,#REF!,#REF!
_bdm.FA5944A4D7D644CA8283449B5AE2024F.edm,#REF!,#REF!
aex_inp_Tier2_paid_amt_11_curr,#REF!,#REF!
__123Graph_A,#REF!,#REF!
adf_term_emp_plus_2_fund_paid_prior,#REF!,#REF!
LFY,#REF!,#REF!
__MUM19,#REF!,#REF!
adf_termed_tier2_emp_74_50_spend_curr,#REF!,#REF!
BH_BOB_Rx_months_curr,#REF!,#REF!
paid_male_20_44_curr,#REF!,#REF!
util_mem_male_65_over_curr,#REF!,#REF!
Med_MDC_admits_05_prior,#REF!,#REF!
__123Graph_ACurrent,#REF!,#REF!
BOB_Med_MDC_inp_paid_02_curr,#REF!,#REF!
Rx_unknown_mem_65_over_curr,#REF!,#REF!
BOB_Med_MDC_claimants_06_curr,#REF!,#REF!
Medic_male_mem_0_64_curr,#REF!,#REF!
BOB_Med_paid_amt_prim_off_visits_prior,#REF!,#REF!
FDP_27_1_aDrv,#REF!,#REF!
Medicare_Billed_male_mem_80_84_prior,#REF!,#REF!
Med_MDC_inp_paid_03_curr,#REF!,#REF!
aex_inp_OON_paid_amt_23_curr,#REF!,#REF!
sum_specialty_calc_ing_cost_amt_prior,#REF!,#REF!
PrefPrice2,#REF!,#REF!
Med_MDC_claimants_01_curr,#REF!,#REF!
Med_MDC_cd_20_prior,#REF!,#REF!
Aex_IP_MDC_Range,#REF!,#REF!
Med_amb_billed_network_prior,#REF!,#REF!
_bdm.F16CDE695B5146908E78CDD9F5E25F2C.edm,#REF!,#REF!
IPO4_Sheet1_List,#REF!,#REF!
Med_MDC_days_20_prior,#REF!,#REF!
num_claims_class_G_prior,#REF!,#REF!
FDP_172_1_aDrv,#REF!,#REF!
adf_termed_tier1_emp_49_25_spend_curr,#REF!,#REF!
Adam_capitation_amt_curr,#REF!,#REF!
AssetsT,#REF!,#REF!
FDP_184_1_aUdv,#REF!,#REF!
adf_termed_tier4_emp_0_spend_curr,#REF!,#REF!
Med_male_members_curr,#REF!,#REF!
aex_Amb_Tier2_paid_amt_22_curr,#REF!,#REF!
AHF_Activity_By_Tier_Range,#REF!,#REF!
HPD_bob_prevalence_other_prior,#REF!,#REF!
_Low3,#REF!,#REF!
Med_MDC_claimants_02_prior,#REF!,#REF!
_bdm.14263D1F2D814D5EB1F95B1D6957384D.edm,#REF!,#REF!
aex_OON_Util_amb_surgeries_curr,#REF!,#REF!
SharesConv,#REF!,#REF!
sum_mod_calc_ing_cost_amt_curr,#REF!,#REF!
source1,#REF!,#REF!
adf_tier3_cr_claim_paid_with_cr_funds_curr,#REF!,#REF!
ahf_paid_amt_unknown_20_44_curr,#REF!,#REF!
Med_MDC_days_17_curr,#REF!,#REF!
AHF_Medical_by_Family_Range,#REF!,#REF!
_bdm.6F44DF6EBF3D4432A71DF03D4DA26537.edm,#REF!,#REF!
fi_exec_summary_rows52_rows61,#REF!,#REF!
aex_inp_Tier1_paid_amt_14_curr,#REF!,#REF!
Med_MDC_inp_billed_15_prior,#REF!,#REF!
Med_billed_amt_amb_visits_curr,#REF!,#REF!
Med_MDC_inp_paid_05_prior,#REF!,#REF!
aex_inp_OON_paid_amt_02_curr,#REF!,#REF!
Product_44_delete_prior,#REF!,#REF!
sum_specialty_brand_formulary_copay_amt_curr,#REF!,#REF!
aex_inp_Tier2_admits_17_curr,#REF!,#REF!
dental_other_unknown_in_network_prior,#REF!,#REF!
Med_paid_amt_above_threshold_prior,#REF!,#REF!
Rx_AHF_num_members_curr,#REF!,#REF!
sum_paid_class_P_curr,#REF!,#REF!
DataThrough,#REF!,#REF!
_bdm.05AD755AE1B644BCB6FF7AF6D6C94EE7.edm,#REF!,#REF!
MDC_CD_11,#REF!,#REF!
Rx_AHF_male_mem_20_44_prior,#REF!,#REF!
e2e,#REF!,#REF!
aex_inp_OON_paid_amt_12_curr,#REF!,#REF!
ciq_meta_info_9ec80e37e87c48d29b38e6c33834e884,#REF!,#REF!
ahf_termed_tier2_cr_claim_paid_with_cr_funds_curr,#REF!,#REF!
OtherOpExp,#REF!,#REF!
HPD_bob_prevalence_diabetes_prior,#REF!,#REF!
dental_paid_ben_in_network_prior,#REF!,#REF!
EBITT,#REF!,#REF!
ahf_calc_ing_cost_amt_female_20_44_curr,#REF!,#REF!
aex_Tier1_paid_amt_primary_off_visits_curr,#REF!,#REF!
Med_MDC_amb_paid_07_curr,#REF!,#REF!
_s1,#REF!,#REF!
dental_other_unknown_out_network_curr,#REF!,#REF!
AHF_Med_num_employees_curr,#REF!,#REF!
Med_MDC_inp_paid_08_prior,#REF!,#REF!
Med_paid_encounter_spec_phys_prior,#REF!,#REF!
ahf_termed_tier2_emp_49_25_spend_curr,#REF!,#REF!
sum_paid_class_Q_curr,#REF!,#REF!
aex_inp_Tier1_days_02_curr,#REF!,#REF!
AHF_Med_unknown_mem_65_over_curr,#REF!,#REF!
aex_inp_Tier3_paid_amt_12_curr,#REF!,#REF!
IQRCOMPANYA2AV89,#REF!,#REF!
s_2,#REF!,#REF!
IQRCompsL140,#REF!,#REF!
IQRCompsR140,#REF!,#REF!
AHF_Med_emp_paid_amt_male_20_44_curr,#REF!,#REF!
rngQuery,#REF!,#REF!
Med_MDC_amb_paid_18_prior,#REF!,#REF!
aex_Amb_Tier3_claimants_00_curr,#REF!,#REF!
ahf_tier3_active_employee_curr,#REF!,#REF!
Product_50_members,#REF!,#REF!
sum_paid_class_G_curr,#REF!,#REF!
Med_MDC_inp_paid_13_prior,#REF!,#REF!
__MUM17,#REF!,#REF!
aex_OON_paid_amt_inp_days_curr,#REF!,#REF!
_Table2_In1,#REF!,#REF!
aex_Amb_Tier1_claimants_01_curr,#REF!,#REF!
Med_claim_count_male_65_over_prior,#REF!,#REF!
Med_count_er_visits_curr,#REF!,#REF!
NetInc,#REF!,#REF!
Product_DN_delete_prior,#REF!,#REF!
FDP_78_1_aSrv,#REF!,#REF!
Med_paid_amt_female_0_19_curr,#REF!,#REF!
PageNumbers,#REF!,#REF!
Rx_AHF_months_prior,#REF!,#REF!
aex_inp_Tier3_paid_amt_15_curr,#REF!,#REF!
Med_count_encounter_lab_rad_curr,#REF!,#REF!
BOB_Dental_major_paid_amt_prior,#REF!,#REF!
CA,#REF!,#REF!
FOV_68_Range,#REF!,#REF!
aex_Amb_OON_paid_amt_02_curr,#REF!,#REF!
Med_total_par_negot_savings_amt_prior,#REF!,#REF!
num_claims_class_B_curr,#REF!,#REF!
num_claims_class_OTHER_prior,#REF!,#REF!
aex_Tier3_paid_amt_inp_days_curr,#REF!,#REF!
FDP_197_1_aUdv,#REF!,#REF!
dent_net_avg_sub_charges_ppo_aetna_spec_ntwk_prior,#REF!,#REF!
adf_tier3_emp_49_25_spend_curr,#REF!,#REF!
AssetWriteup,#REF!,#REF!
IQRCompsAW198,#REF!,#REF!
AHF_Med_paid_amt_male_45_64_curr,#REF!,#REF!
AttritionMonthly,#REF!,#REF!
BOB_Med_paid_amt_inp_days_curr,#REF!,#REF!
aex_inp_OON_admits_21_curr,#REF!,#REF!
BOB_Med_days_count_curr,#REF!,#REF!
Med_MDC_amb_paid_16_prior,#REF!,#REF!
FOV_02_Range,#REF!,#REF!
CalEPS1,#REF!,#REF!
XREF_COLUMN_11,#REF!,#REF!
sum_brand_singlesource_copay_curr,#REF!,#REF!
Aetna_Spec_Ntwk_Exp_PPO_Max_Sav_Neg_Arrang,#REF!,#REF!
aaaafff,#REF!,#REF!
aex_inp_Tier3_paid_amt_24_curr,#REF!,#REF!
Rx_female_mem_20_44_prior,#REF!,#REF!
ahf_srv_copay_amt_total_prior,#REF!,#REF!
Med_billed_amt_amb_surgeries_curr,#REF!,#REF!
OtherLabel2,#REF!,#REF!
Payment_Date,#REF!,#REF!
aex_Tier1_paid_amt_home_health_visits_curr,#REF!,#REF!
dent_net_avg_sub_charges_ppo_max_aetna_ppo_ntwk_curr,#REF!,#REF!
Med_MDC_inp_billed_00_prior,#REF!,#REF!
aex_Tier1_Util_radiology_services_curr,#REF!,#REF!
sum_mod_calc_ing_cost_amt_prior,#REF!,#REF!
BOB_Med_MDC_days_09_curr,#REF!,#REF!
sic2high,#REF!,#REF!
Hospital_Profile_Medical_Range2,#REF!,#REF!
Med_MDC_admits_01_curr,#REF!,#REF!
Med_MDC_amb_paid_05_curr,#REF!,#REF!
Med_MDC_inp_paid_08_curr,#REF!,#REF!
BOB_Dental_coinsurance_amt_curr,#REF!,#REF!
Check_For_Account_Selection,#REF!,#REF!
StatLabel6,#REF!,#REF!
Med_billed_amt_male_65_over_curr,#REF!,#REF!
IQRCompsAQ140,#REF!,#REF!
adf_termed_tier1_emp_24_1_spend_curr,#REF!,#REF!
_MUM13,#REF!,#REF!
FOV_41_Range,#REF!,#REF!
si_exec_summary_rows7_rows82,#REF!,#REF!
ahf_ahf_paid_amt_total_prior,#REF!,#REF!
IQRCompsAQ225,#REF!,#REF!
Median4,#REF!,#REF!
aex_inp_Tier1_admits_00_curr,#REF!,#REF!
aex_Amb_OON_claimants_06_curr,#REF!,#REF!
IQRCompsAX154,#REF!,#REF!
Med_MDC_days_21_curr,#REF!,#REF!
LFQ,#REF!,#REF!
ahf_tier1_emp_49_25_spend_curr,#REF!,#REF!
Med_billed_amt_office_surgeries_prior,#REF!,#REF!
sum_awp_amt_mac_mod_curr,#REF!,#REF!
sum_total_days_prior,#REF!,#REF!
BOB_Med_MDC_days_06_curr,#REF!,#REF!
Product_76_members,#REF!,#REF!
_bdm.206C2DBCAA3711D6B64A0010A494EFA8.edm,#REF!,#REF!
LTMGrossProfit,#REF!,#REF!
Product_53_members,#REF!,#REF!
ahf_ahf_paid_amt_total_curr,#REF!,#REF!
aex_OON_paid_amt_amb_surgeries_curr,#REF!,#REF!
IQRCompsAU140,#REF!,#REF!
IQRCOMPANYBAX89,#REF!,#REF!
Med_MDC_cd_15_prior,#REF!,#REF!
Rx_female_mem_65_over_curr,#REF!,#REF!
sum_specialty_copay_amt_curr,#REF!,#REF!
BOB_num_brand_multisource_claims_curr,#REF!,#REF!
DrillDownRow17Row27SIKeyStats,#REF!,#REF!
Med_MDC_amb_paid_08_curr,#REF!,#REF!
Med_MDC_claimants_00_curr,#REF!,#REF!
ahf_act_emp_fund_paid_curr,#REF!,#REF!
Med_MDC_admits_15_prior,#REF!,#REF!
HPD_number_claimants_asthma_prior,#REF!,#REF!
Med_allowed_amt_prior,#REF!,#REF!
sum_paid_class_C_prior,#REF!,#REF!
aex_inp_OON_admits_09_curr,#REF!,#REF!
ConvTrig,#REF!,#REF!
aex_OON_paid_amt_inp_surgeries_curr,#REF!,#REF!
salarys,#REF!,#REF!
Med_claim_count_male_20_44_curr,#REF!,#REF!
Medic_female_mem_85_over_curr,#REF!,#REF!
BH_BOB_Rx_num_employees_curr,#REF!,#REF!
aex_Amb_Tier2_claimants_13_curr,#REF!,#REF!
sum_mod_brand_formulary_copay_amt_curr,#REF!,#REF!
Dental_network_discount_in_network_curr,#REF!,#REF!
adf_tier4_emp_99_75_spend_curr,#REF!,#REF!
Dental_network_discount_out_network_curr,#REF!,#REF!
FOV_13_Range,#REF!,#REF!
aex_Tier1_paid_amt_off_surgeries_curr,#REF!,#REF!
sum_specialty_brand_formulary_plan_paid_amt_prior,#REF!,#REF!
EVEBITLTM,#REF!,#REF!
ahf_tier4_emp_0_spend_curr,#REF!,#REF!
__MUM14,#REF!,#REF!
aex_tier3_paid_amt_tot_prior,#REF!,#REF!
AHF_Med_days_count_prior,#REF!,#REF!
aex_OOC_Amb_Paid_Amt_curr,#REF!,#REF!
Med_MDC_admits_14_curr,#REF!,#REF!
dent_net_avg_sub_charges_ppo_aetna_ppo_ntwk_prior,#REF!,#REF!
ahf_tier4_rollover_pr_year_curr,#REF!,#REF!
Dental_female_mem_0_19_curr,#REF!,#REF!
ahf_srv_copay_amt_unknown_45_64_curr,#REF!,#REF!
IQRCompsAN225,#REF!,#REF!
aex_Tier3_paid_amt_primary_off_visits_curr,#REF!,#REF!
ahf_total_emp_24_1_spend_curr,#REF!,#REF!
AHF_Med_specialist_office__visits_count_prior,#REF!,#REF!
BOB_Dental_paid_amt_curr,#REF!,#REF!
BOB_Med_paid_amt_er_visits_curr,#REF!,#REF!
retail_paid_amt_prior,#REF!,#REF!
Med_paid_amt_male_20_44_prior,#REF!,#REF!
ahf_termed_tier1_cr_fund_remaining_curr,#REF!,#REF!
adf_tier1_active_employee_curr,#REF!,#REF!
Med_MDC_inp_billed_12_curr,#REF!,#REF!
DebtBook,#REF!,#REF!
FDP_82_1_aUrv,#REF!,#REF!
Med_MDC_inp_paid_17_prior,#REF!,#REF!
ahf_ahf_paid_amt_unknown_65_over_curr,#REF!,#REF!
Product_73_members,#REF!,#REF!
BOB_Rx_male_mem_45_64_curr,#REF!,#REF!
Med_MDC_amb_billed_18_curr,#REF!,#REF!
Med_paid_amt_amb_surgeries_prior,#REF!,#REF!
aex_inp_OON_admits_12_curr,#REF!,#REF!
FDP_34_1_aUrv,#REF!,#REF!
Goodwill,#REF!,#REF!
UserEnteredText1,#REF!,#REF!
FDP_89_1_aUrv,#REF!,#REF!
FDP_111_1_aUrv,#REF!,#REF!
Remove_Cust_Spec_Ntwk,#REF!,#REF!
High6,#REF!,#REF!
aex_inp_Tier2_admits_09_curr,#REF!,#REF!
sum_salestax_amt_non_mac_mod_curr,#REF!,#REF!
paid_male_45_64_prior,#REF!,#REF!
IQRCOMPANYA2AP89,#REF!,#REF!
BOB_Med_paid_amt_curr,#REF!,#REF!
Med_billed_amt_unknown_65_over_curr,#REF!,#REF!
aex_Amb_OON_claimants_17_curr,#REF!,#REF!
SharesCurrentT,#REF!,#REF!
Med_MDC_admits_00_curr,#REF!,#REF!
FDP_4_1_aSrv,#REF!,#REF!
BOB_Dental_preventative_paid_amt_prior,#REF!,#REF!
Med_MDC_paid_23_prior,#REF!,#REF!
aex_inp_OON_admits_23_curr,#REF!,#REF!
Med_billed_encounter_other_curr,#REF!,#REF!
TSLow,#REF!,#REF!
sum_prof_fee_amt_non_mac_mod_curr,#REF!,#REF!
BOB_Med_MDC_days_13_curr,#REF!,#REF!
Dental_rc_savings_out_network_prior,#REF!,#REF!
Year2,#REF!,#REF!
SynLTM,#REF!,#REF!
adf_term_emp_plus_fam_fund_paid_prior,#REF!,#REF!
Med_MDC_days_22_curr,#REF!,#REF!
Med_MDC_paid_999_prior,#REF!,#REF!
aex_Amb_OON_paid_amt_20_curr,#REF!,#REF!
_pr2,#REF!,#REF!
aex_Amb_Tier2_claimants_00_curr,#REF!,#REF!
_10Table2_,#REF!,#REF!
BOB_Rx_male_mem_20_44_curr,#REF!,#REF!
aex_inp_Tier1_days_00_curr,#REF!,#REF!
Med_MDC_inp_paid_14_prior,#REF!,#REF!
BOB_Med_MDC_days_18_curr,#REF!,#REF!
HighPrice,#REF!,#REF!
aex_Amb_Tier1_paid_amt_09_curr,#REF!,#REF!
ahf_tier4_cr_clm_paid_with_rollover_funds_curr,#REF!,#REF!
aex_inp_OON_admits_10_curr,#REF!,#REF!
dental_employee_in_network_prior,#REF!,#REF!
ahf_paid_amt_male_0_19_curr,#REF!,#REF!
BOB_Med_MDC_paid_08_curr,#REF!,#REF!
Medicare_Billed_female_mem_75_79_prior,#REF!,#REF!
adf_tier4_rollover_pr_year_curr,#REF!,#REF!
num_claims_class_R_curr,#REF!,#REF!
Dental_unknown_mem_0_19_prior,#REF!,#REF!
Demographics_FI_Community_Graph_range,#REF!,#REF!
Med_MDC_claimants_06_curr,#REF!,#REF!
adf_tier4_emp_49_25_spend_curr,#REF!,#REF!
dent_sav_frm_negot_arrangements_ppo_aetna_ppo_II_ntwk_prior,#REF!,#REF!
sum_specialty_brand_formulary_plan_paid_amt_curr,#REF!,#REF!
Med_claim_count_above_threshold_curr,#REF!,#REF!
adf_tier3_active_employee_curr,#REF!,#REF!
Dental_paid_amt_male_20_44_curr,#REF!,#REF!
sum_calcing_cost_amt_brand_specialty_prior,#REF!,#REF!
medical_sorta,#REF!,#REF!
aex_Tier1_Util_home_health_visits_curr,#REF!,#REF!
Med_MDC_days_16_prior,#REF!,#REF!
adf_act_emp_fund_paid_prior,#REF!,#REF!
aex_OON_paid_amt_med_rx_curr,#REF!,#REF!
adf_total_termd_cr_year_initial_fund_curr,#REF!,#REF!
aex_Amb_Tier3_claimants_09_curr,#REF!,#REF!
First_Time_Switch,#REF!,#REF!
DaysRec,#REF!,#REF!
adf_termed_tier3_emp_74_50_spend_curr,#REF!,#REF!
Med_billed_amt_male_20_44_prior,#REF!,#REF!
sum_prof_fee_amt_non_mac_mod_prior,#REF!,#REF!
CapEx,#REF!,#REF!
AHF_Rx_Key_Statistics_Range,#REF!,#REF!
sum_paid_class_O_curr,#REF!,#REF!
num_util_members_class_D_curr,#REF!,#REF!
BH_BOB_Rx_male_mem_45_64_curr,#REF!,#REF!
EVCashFlowLTM,#REF!,#REF!
dent_net_avg_sub_charges_ppo_max_cust_spec_ntwk_curr,#REF!,#REF!
dent_sav_frm_negot_arrangements_ppo_max_aetna_ppo_II_ntwk_prior,#REF!,#REF!
BOB_Med_paid_other_prior,#REF!,#REF!
Med_MDC_days_14_curr,#REF!,#REF!
Product_04_members,#REF!,#REF!
Med_MDC_inp_billed_07_prior,#REF!,#REF!
BLPH3,#REF!,#REF!
AHF_Med_emp_paid_amt_female_65_over_curr,#REF!,#REF!
ahf_termed_tier2_Incentive_fund_earned_curr,#REF!,#REF!
EVCashFlow1,#REF!,#REF!
Cap_capitation_amt_prior,#REF!,#REF!
BLPH10,#REF!,#REF!
PremTrig,#REF!,#REF!
PoliticalRiskPremium,#REF!,#REF!
_bdm.5D8D55B204CB487ABFE89E021F786C24.edm,#REF!,#REF!
aex_Amb_Tier2_paid_amt_24_curr,#REF!,#REF!
Med_paid_amt_female_45_64_curr,#REF!,#REF!
_Table1_In2,#REF!,#REF!
LTMEBITDA,#REF!,#REF!
Med_MDC_amb_billed_17_curr,#REF!,#REF!
ahf_rx_num_unique_mem_id_prior,#REF!,#REF!
ahf_bnft_plan_paid_amt_unknown_0_19_curr,#REF!,#REF!
FDP_169_1_aDrv,#REF!,#REF!
Med_coinsurance_amt_prior,#REF!,#REF!
Med_MDC_billed_19_curr,#REF!,#REF!
adf_termed_tier1_cr_year_initial_fund_curr,#REF!,#REF!
fi_exec_summary_rows11,#REF!,#REF!
rngUnplugged,#REF!,#REF!
sum_paid_class_A_curr,#REF!,#REF!
adf_tier2_emp_100_spend_curr,#REF!,#REF!
ahf_termed_tier1_Incentive_fund_earned_curr,#REF!,#REF!
aex_Amb_Tier1_paid_amt_13_curr,#REF!,#REF!
RDMargin,#REF!,#REF!
__123Graph_EChart1,#REF!,#REF!
Dental_rc_savings_out_network_curr,#REF!,#REF!
Med_MDC_amb_paid_17_curr,#REF!,#REF!
Product_07_members,#REF!,#REF!
Med_count_encounter_spec_phys_curr,#REF!,#REF!
BOB_sum_formulary_paid_amt_prior,#REF!,#REF!
EV3Other1,#REF!,#REF!
BOB_Med_MDC_inp_paid_12_curr,#REF!,#REF!
Med_MDC_inp_billed_01_prior,#REF!,#REF!
FI_comm_rated_gloss_num_of_emp,#REF!,#REF!
Product_DN_members,#REF!,#REF!
Rx_female_members_prior,#REF!,#REF!
ahf_ahf_paid_amt_male_20_44_curr,#REF!,#REF!
Med_paid_amt_unknown_0_19_prior,#REF!,#REF!
num_brand_singlesource_claims_curr,#REF!,#REF!
gpi_name_class_Q_curr,#REF!,#REF!
sum_calcing_cost_amt_brand_retail_prior,#REF!,#REF!
gpi_name_class_I_curr,#REF!,#REF!
MDC_Range_N9_O33,#REF!,#REF!
FDP_128_1_aUrv,#REF!,#REF!
BrokerEnteredName,#REF!,#REF!
AHF_Med_paid_amt_total_curr,#REF!,#REF!
Product_51_delete_prior,#REF!,#REF!
BOB_Med_months_prior,#REF!,#REF!
ahf_termed_tier4_cr_fund_remaining_curr,#REF!,#REF!
__MUM8,#REF!,#REF!
aex_OON_paid_amt_spec_off_visits_curr,#REF!,#REF!
Med_MDC_paid_09_curr,#REF!,#REF!
NA_Range_Mem,#REF!,#REF!
AHF_Med_specialist_office_visits_count_curr,#REF!,#REF!
Medic_male_mem_85_over_curr,#REF!,#REF!
Product_42_members,#REF!,#REF!
CostOfDebt,#REF!,#REF!
BOB_Med_MDC_inp_paid_22_curr,#REF!,#REF!
Med_MDC_claimants_18_prior,#REF!,#REF!
Product_68_members,#REF!,#REF!
STDebt,#REF!,#REF!
AHF_Med_amb_surgery_count_curr,#REF!,#REF!
BOB_Rx_unknown_mem_0_19_prior,#REF!,#REF!
adf_termed_tier2_rollover_fund_remaining_curr,#REF!,#REF!
XRefPaste5Row,#REF!,#REF!
Rx_Key_Statistics_by_Generic_Range,#REF!,#REF!
Medic_female_mem_75_79_curr,#REF!,#REF!
adf_tier1_cr_claim_paid_with_cr_funds_curr,#REF!,#REF!
AHF_Med_count_er_curr,#REF!,#REF!
Med_MDC_admits_03_prior,#REF!,#REF!
Med_female_members_curr,#REF!,#REF!
FI_ER_Visits_1000_Members,#REF!,#REF!
OtherLabel3,#REF!,#REF!
Med_MDC_amb_billed_999_prior,#REF!,#REF!
adf_termed_tier2_tot_fund_available_curr,#REF!,#REF!
FDP_141_1_aSrv,#REF!,#REF!
fi_exec_summary_rows66_rows74,#REF!,#REF!
num_util_members_class_M_curr,#REF!,#REF!
aex_Amb_Tier2_claimants_12_curr,#REF!,#REF!
dental_spouse_in_network_curr,#REF!,#REF!
Med_MDC_claimants_00_prior,#REF!,#REF!
AHF_Med_allowed_amt_female_65_over_curr,#REF!,#REF!
_bdm.60347E02768C4A9898B4F9F8E4487C68.edm,#REF!,#REF!
Med_MDC_amb_billed_01_prior,#REF!,#REF!
__s2,#REF!,#REF!
CommunityRatedMedicare_HPD_Footnote3_delete,#REF!,#REF!
BOB_Med_inp_paid_amt_prior,#REF!,#REF!
Med_MDC_inp_paid_20_curr,#REF!,#REF!
kdkj,#REF!,#REF!
IQRSheet2A12,#REF!,#REF!
adf_tier1_Incentive_fund_earned_curr,#REF!,#REF!
aex_inp_OON_admits_00_curr,#REF!,#REF!
BOB_Med_MDC_days_21_curr,#REF!,#REF!
ahf_total_emp_99_75_spend_curr,#REF!,#REF!
LTMOther2,#REF!,#REF!
ItemLabel6,#REF!,#REF!
IncStartDateCurr,#REF!,#REF!
_bdm.D5FAA374367241959C322560ED7F8A37.edm,#REF!,#REF!
Med_MDC_claimants_05_prior,#REF!,#REF!
NumberOfPlansSelected,#REF!,#REF!
Print_Area_Reset,#REF!,#REF!
MDC_MDC_Label,#REF!,#REF!
EV3Other2,#REF!,#REF!
ahf_tier4_active_employee_curr,#REF!,#REF!
AHF_Med_fund_paid_amt_unknown_65_over_curr,#REF!,#REF!
BH_BOB_Med_female_mem_45_64_curr,#REF!,#REF!
adf_tier2_emp_74_50_spend_curr,#REF!,#REF!
AHF_Med_male_mem_0_19_prior,#REF!,#REF!
Med_count_med_rx_prior,#REF!,#REF!
BH_BOB_Rx_unknown_mem_65_over_curr,#REF!,#REF!
EBITR,#REF!,#REF!
dent_sav_frm_negot_arrangements_ppo_max_cust_spec_ntwk_curr,#REF!,#REF!
EPSGrowth,#REF!,#REF!
TaxRate3,#REF!,#REF!
BOB_sum_brand_multisource_paid_amt_prior,#REF!,#REF!
CashFlows,#REF!,#REF!
AHF_Med_count_spec_phys_curr,#REF!,#REF!
BOB_Dental_other_paid_amt_prior,#REF!,#REF!
tax,#REF!,#REF!
_MUM15,#REF!,#REF!
aex_inp_OON_paid_amt_22_curr,#REF!,#REF!
AHF_Med_allowed_amt_total_curr,#REF!,#REF!
aex_Amb_Tier3_paid_amt_09_curr,#REF!,#REF!
ChangeRange2,#REF!,#REF!
FDP_202_1_aDdv,#REF!,#REF!
num_util_members_class_M_prior,#REF!,#REF!
ahf_termed_tier3_cr_claim_paid_with_cr_funds_curr,#REF!,#REF!
BOB_Med_MDC_claimants_14_curr,#REF!,#REF!
sum_specialty_generic_plan_paid_amt_prior,#REF!,#REF!
aex_Amb_Tier2_paid_amt_21_curr,#REF!,#REF!
ahf_termed_tier2_cr_year_initial_fund_curr,#REF!,#REF!
sum_awp_amt_non_mac_mod_prior,#REF!,#REF!
dental_dup_bills_in_network_prior,#REF!,#REF!
aex_inp_Tier2_days_04_curr,#REF!,#REF!
Aexcel_Prof_Exp_Util_Headings,#REF!,#REF!
aex_Tier1_paid_amt_other_spec_off_visits_curr,#REF!,#REF!
aex_Med_MDC_cd_14_curr,#REF!,#REF!
Med_MDC_inp_billed_999_curr,#REF!,#REF!
Med_paid_amt_med_visits_prior,#REF!,#REF!
NONAexcelMedicalProduct,#REF!,#REF!
FDP_117_1_aUrv,#REF!,#REF!
num_claims_class_P_prior,#REF!,#REF!
FDP_149_1_aUrv,#REF!,#REF!
SynYear2,#REF!,#REF!
AHF_Med_paid_amt_amb_curr,#REF!,#REF!
dent_net_avg_sub_charges_ppo_max_aetna_ppo_II_ntwk_curr,#REF!,#REF!
Dental_paid_amt_unknown_45_64_prior,#REF!,#REF!
Description,#REF!,#REF!
aex_Amb_Tier1_claimants_23_curr,#REF!,#REF!
ahf_bnft_plan_paid_amt_female_20_44_curr,#REF!,#REF!
IntT,#REF!,#REF!
FI_ExclusionInd,#REF!,#REF!
Med_MDC_paid_09_prior,#REF!,#REF!
sum_mod_generic_paid_amt_prior,#REF!,#REF!
CommunityRatedRow23Row27SIKeyStats,#REF!,#REF!
aex_Amb_Tier3_paid_amt_22_curr,#REF!,#REF!
adf_tier2_rollover_fund_remaining_curr,#REF!,#REF!
dent_net_avg_sub_charges_ppo_aetna_ppo_II_ntwk_prior,#REF!,#REF!
FYE2Revenues,#REF!,#REF!
FDP_60_1_aUrv,#REF!,#REF!
IQRCOMPANYA2AR89,#REF!,#REF!
sum_paid_class_R_prior,#REF!,#REF!
_bdm.803667C105C14884B5A6CB9298713468.edm,#REF!,#REF!
_bdm.C63F07B43E9043C3A41505423865A163.edm,#REF!,#REF!
Med_par_paid_amt_prior,#REF!,#REF!
Med_count_inp_days_prior,#REF!,#REF!
ProcEndDateCurr,#REF!,#REF!
Product_11_members,#REF!,#REF!
AHF_Med_days_count_curr,#REF!,#REF!
Rx_Formulary_Analysis_Range,#REF!,#REF!
AHF_Med_inp_surgery_count_prior,#REF!,#REF!
aex_Amb_Tier2_paid_amt_02_curr,#REF!,#REF!
aex_inp_Tier2_days_10_curr,#REF!,#REF!
Med_MDC_amb_billed_05_curr,#REF!,#REF!
__MUM6,#REF!,#REF!
multisource_util_prior,#REF!,#REF!
Product_01_members,#REF!,#REF!
gpi_name_class_M_curr,#REF!,#REF!
ahf_tier1_emp_0_spend_curr,#REF!,#REF!
FDP_65_1_aSrv,#REF!,#REF!
Dental_unknown_mem_65_over_curr,#REF!,#REF!
Med_other_discount_admin_savings_amt_prior,#REF!,#REF!
BOB_Dental_major_paid_amt_curr,#REF!,#REF!
sum_calcing_cost_amt_non_mac_specialty_prior,#REF!,#REF!
gpi_name_class_H_curr,#REF!,#REF!
__123Graph_E,#REF!,#REF!
Med_MDC_amb_billed_15_curr,#REF!,#REF!
FDP_85_1_aUrv,#REF!,#REF!
ciq_meta_info_73c8c26de6d24ce0aec99294d9991712,#REF!,#REF!
ahf_member_cnt_unknown_0_19_curr,#REF!,#REF!
Change4,#REF!,#REF!
Med_amb_billed_network_curr,#REF!,#REF!
UnleveredBetas,#REF!,#REF!
sum_specialty_non_brand_formulary_paid_amt_prior,#REF!,#REF!
adf_tier4_active_employee_curr,#REF!,#REF!
adf_total_termd_tot_fund_available_curr,#REF!,#REF!
Med_MDC_days_22_prior,#REF!,#REF!
HPD_paid_amt_diabetes_prior,#REF!,#REF!
sum_svc_copay_amt_non_mac_retail_curr,#REF!,#REF!
adf_act_emp_fund_paid_curr,#REF!,#REF!
aex_TOT_Amb_Paid_Amt_curr,#REF!,#REF!
FDP_182_1_aDrv,#REF!,#REF!
BOB_Med_MDC_claimants_15_curr,#REF!,#REF!
Dental_months_prior,#REF!,#REF!
sum_mod_brand_formulary_copay_amt_prior,#REF!,#REF!
aex_inp_OON_paid_amt_05_curr,#REF!,#REF!
MDC_CD_23,#REF!,#REF!
ahf_srv_copay_amt_unknown_0_19_curr,#REF!,#REF!
ahf_member_cnt_female_0_19_curr,#REF!,#REF!
IQRIndexDataA13,#REF!,#REF!
Med_billed_amt_misc_med_curr,#REF!,#REF!
Med_MDC_cd_22_curr,#REF!,#REF!
aex_Amb_Tier1_claimants_13_curr,#REF!,#REF!
Med_MDC_days_02_curr,#REF!,#REF!
UserEnteredText2,#REF!,#REF!
SharesOptions,#REF!,#REF!
FI_Provider_Network_Exp_Medical_Range,#REF!,#REF!
sum_calc_ing_cost_prior,#REF!,#REF!
singlesource_util_prior,#REF!,#REF!
BOB_Med_MDC_admits_14_curr,#REF!,#REF!
aex_Med_MDC_cd_07_curr,#REF!,#REF!
ahf_termed_tier4_tot_fund_available_curr,#REF!,#REF!
Values_Entered,#REF!,#REF!
ahf_ahf_paid_amt_male_45_64_curr,#REF!,#REF!
NetDebtBook,#REF!,#REF!
Med_non_facility_network_discount_prior,#REF!,#REF!
aex_Tier2_paid_amt_amb_visits_curr,#REF!,#REF!
ahf_calc_ing_cost_amt_unknown_45_64_curr,#REF!,#REF!
ReportPELTM,#REF!,#REF!
aex_Tier1_Amb_Paid_Amt_curr,#REF!,#REF!
aex_Amb_Tier2_claimants_18_curr,#REF!,#REF!
CapIntExp,#REF!,#REF!
__s3,#REF!,#REF!
Med_MDC_paid_00_curr,#REF!,#REF!
AHF_Med_emp_paid_amt_female_45_64_curr,#REF!,#REF!
Med_claim_count_unknown_45_64_prior,#REF!,#REF!
Demographics_Medical_Range,#REF!,#REF!
AHF_Med_emp_paid_amt_female_0_19_curr,#REF!,#REF!
Med_MDC_days_21_prior,#REF!,#REF!
Health_Profile_Top_10_Dis_Med_HPD_Range,#REF!,#REF!
aex_inp_Tier3_paid_amt_18_curr,#REF!,#REF!
_bdm.50553AD1FFFB441A8C7A349481F9E45E.edm,#REF!,#REF!
Key_Statistics_Medical_Range,#REF!,#REF!
adf_tier3_tot_fund_available_curr,#REF!,#REF!
num_util_members_class_I_prior,#REF!,#REF!
dental_elig_denials_out_network_curr,#REF!,#REF!
FDP_152_1_aUrv,#REF!,#REF!
Med_Cost_Rows8_19_Range,#REF!,#REF!
aex_Amb_OON_paid_amt_11_curr,#REF!,#REF!
Med_MDC_billed_12_prior,#REF!,#REF!
EPSYear2T,#REF!,#REF!
Med_inp_paid_amt_curr,#REF!,#REF!
aex_Tier2_Util_er_visits_curr,#REF!,#REF!
ahf_tier1_emp_100_spend_curr,#REF!,#REF!
Med_MDC_inp_billed_04_prior,#REF!,#REF!
sum_paid_class_OTHER_prior,#REF!,#REF!
Med_MDC_inp_billed_07_curr,#REF!,#REF!
FYE1EBITDA,#REF!,#REF!
BOB_Med_MDC_claimants_07_curr,#REF!,#REF!
Med_MDC_amb_billed_22_curr,#REF!,#REF!
Med_MDC_inp_billed_13_prior,#REF!,#REF!
sum_calcing_cost_amt_non_mac_mod_prior,#REF!,#REF!
StrPrefLiq,#REF!,#REF!
Med_phys_discount_billed_amt_curr,#REF!,#REF!
aex_Med_MDC_cd_13_curr,#REF!,#REF!
BOB_Med_MDC_paid_16_curr,#REF!,#REF!
ahf_tier3_emp_100_spend_curr,#REF!,#REF!
Med_hospital_inp_paid_amt_prior,#REF!,#REF!
sum_prof_fee_amt_brand_specialty_curr,#REF!,#REF!
util_mem_male_20_44_curr,#REF!,#REF!
Med_MDC_amb_billed_18_prior,#REF!,#REF!
_MUM1,#REF!,#REF!
num_util_members_class_D_prior,#REF!,#REF!
Med_MDC_billed_09_prior,#REF!,#REF!
ahf_termed_tier1_emp_100_spend_curr,#REF!,#REF!
ItemLabel3,#REF!,#REF!
aex_inp_Tier1_paid_amt_21_curr,#REF!,#REF!
BH_BOB_Rx_unknown_mem_20_44_curr,#REF!,#REF!
SrRate,#REF!,#REF!
Med_paid_other_prior,#REF!,#REF!
_bdm.75AEB8ED3BB74DDAAF13881E19CF0474.edm,#REF!,#REF!
FDP_205_1_aUrv,#REF!,#REF!
EV2Other1,#REF!,#REF!
AHF_Med_female_members_curr,#REF!,#REF!
BOB_Med_female_mem_45_64_curr,#REF!,#REF!
Rx_male_members_prior,#REF!,#REF!
XRefPaste13Row,#REF!,#REF!
Template,#REF!,#REF!
Rx_female_mem_0_19_curr,#REF!,#REF!
Med_MDC_days_20_curr,#REF!,#REF!
Med_billed_amt_misc_med_prior,#REF!,#REF!
Product_43_delete_prior,#REF!,#REF!
sum_salestax_amt_non_mac_retail_prior,#REF!,#REF!
aex_Amb_OON_claimants_13_curr,#REF!,#REF!
BLPH4,#REF!,#REF!
p.IRR_Titles,#REF!,#REF!
PBV,#REF!,#REF!
dental_dup_bills_in_network_curr,#REF!,#REF!
NO_BOB_Data,#REF!,#REF!
aex_Tier3_paid_amt_spec_off_visits_curr,#REF!,#REF!
num_gen_subst_claims_curr,#REF!,#REF!
aex_Tier2_Util_inp_surgeries_curr,#REF!,#REF!
ahf_tier3_tot_fund_available_curr,#REF!,#REF!
num_util_members_class_L_curr,#REF!,#REF!
FOV_56_Range,#REF!,#REF!
Rx_paid_amt_prior,#REF!,#REF!
BOB_Med_surgery_count_prior,#REF!,#REF!
FDP_140_1_aUrv,#REF!,#REF!
aex_Tier1_paid_amt_spec_off_visits_curr,#REF!,#REF!
BOB_Med_avg_age_members_prior,#REF!,#REF!
BOB_Med_MDC_claimants_20_curr,#REF!,#REF!
AHF_Med_emp_paid_amt_unknown_65_over_curr,#REF!,#REF!
CalEPS3,#REF!,#REF!
sum_specialty_generic_copay_amt_prior,#REF!,#REF!
mod_paid_amt_prior,#REF!,#REF!
Med_count_encounter_other_curr,#REF!,#REF!
ahf_tier2_cr_clm_paid_with_rollover_funds_curr,#REF!,#REF!
adf_termed_tier2_active_employee_curr,#REF!,#REF!
RD,#REF!,#REF!
aex_OON_paid_amt_mental_health_visits_curr,#REF!,#REF!
AHF_Med_fund_paid_amt_mental_health_curr,#REF!,#REF!
_bdm.C9958E9530ED4CCDAC70379EF0987E45.edm,#REF!,#REF!
aex_inp_Tier3_paid_amt_22_curr,#REF!,#REF!
Shares,#REF!,#REF!
FDP_30_1_aUrv,#REF!,#REF!
FDP_200_1_aDdv,#REF!,#REF!
FOV_09_Range,#REF!,#REF!
aex_Amb_Tier2_paid_amt_09_curr,#REF!,#REF!
EV1Other1,#REF!,#REF!
BOB_Med_copay_amt_curr,#REF!,#REF!
BOB_Med_unknown_mem_0_19_prior,#REF!,#REF!
Med_MDC_claimants_11_prior,#REF!,#REF!
Med_paid_amt_amb_surgeries_curr,#REF!,#REF!
AHF_Med_allowed_amt_female_45_64_curr,#REF!,#REF!
aex_inp_Tier1_admits_14_curr,#REF!,#REF!
ahf_medical_expenses_curr,#REF!,#REF!
sum_brand_singlesource_calc_ing_prior,#REF!,#REF!
rngScenarios,#REF!,#REF!
FDP_99_1_aUrv,#REF!,#REF!
BOB_Med_MDC_cd_17_curr,#REF!,#REF!
MDC_CD_22,#REF!,#REF!
IQB_BOOKMARK_LOCATION_3,#REF!,#REF!
template_nm,#REF!,#REF!
dental_non_covered_serv_out_network_curr,#REF!,#REF!
SharesYear1T,#REF!,#REF!
sum_salestax_amt_non_mac_retail_curr,#REF!,#REF!
aex_Amb_Tier1_paid_amt_21_curr,#REF!,#REF!
adf_tier1_rollover_fund_remaining_curr,#REF!,#REF!
adf_term_emp_plus_fam_fund_paid_curr,#REF!,#REF!
aex_OON_Util_inp_surgeries_curr,#REF!,#REF!
IQRSheet1S4,#REF!,#REF!
Medicare_Billed_female_mem_80_84_curr,#REF!,#REF!
sum_paid_class_H_prior,#REF!,#REF!
aex_Tier3_paid_amt_home_health_visits_curr,#REF!,#REF!
AHF_Med_paid_amt_female_0_19_prior,#REF!,#REF!
ahf_termed_tier4_cr_clm_paid_with_rollover_funds_curr,#REF!,#REF!
IQRCOMPANYBAV89,#REF!,#REF!
sum_brand_singlesource_avg_paid_claim_prior,#REF!,#REF!
Product_08_members,#REF!,#REF!
_bdm.5C6D0D9D93BD4742A18A5B8A51E9F99E.edm,#REF!,#REF!
FOV_52_Range,#REF!,#REF!
ahf_tier3_cr_fund_remaining_curr,#REF!,#REF!
Rx_AHF_male_mem_65_over_prior,#REF!,#REF!
__123Graph_C,#REF!,#REF!
util_mem_male_45_64_prior,#REF!,#REF!
_MUM21,#REF!,#REF!
Med_paid_amt_lab_serv_curr,#REF!,#REF!
Dental_basic_svcs_prior,#REF!,#REF!
BOB_sum_generic_paid_amt_curr,#REF!,#REF!
Dental_key_results_network_discount_amt_prior,#REF!,#REF!
High5,#REF!,#REF!
HPD_number_claimants_low_back_prior,#REF!,#REF!
SizePremia,#REF!,#REF!
BOB_sum_paid_prior,#REF!,#REF!
FDP_173_1_aDrv,#REF!,#REF!
IQRCompsAR183,#REF!,#REF!
ahf_tier1_tot_fund_available_curr,#REF!,#REF!
BOB_Rx_avg_age_members_curr,#REF!,#REF!
XRefCopy3,#REF!,#REF!
Med_MDC_cd_00_prior,#REF!,#REF!
aex_Med_MDC_cd_16_curr,#REF!,#REF!
MIA,#REF!,#REF!
BOB_Med_amb_surgery_count_curr,#REF!,#REF!
BOB_Dental_orthodonic_paid_amt_curr,#REF!,#REF!
AHF_Med_avg_age_members_curr,#REF!,#REF!
dental_orthodontic_in_network_curr,#REF!,#REF!
Med_MDC_cd_17_curr,#REF!,#REF!
Med_claim_count_female_20_44_prior,#REF!,#REF!
Med_MDC_claimants_15_curr,#REF!,#REF!
adf_termed_tier4_emp_74_50_spend_curr,#REF!,#REF!
EV3OtherLTM,#REF!,#REF!
adf_tier2_cr_clm_paid_with_rollover_funds_curr,#REF!,#REF!
Medicare_Billed_female_mem_0_64_prior,#REF!,#REF!
sum_awp_amt_non_mac_specialty_prior,#REF!,#REF!
aex_inp_Tier1_paid_amt_10_curr,#REF!,#REF!
aex_inp_Tier1_paid_amt_17_curr,#REF!,#REF!
dent_sav_frm_negot_arrangements_ppo_max_aetna_ppo_ntwk_prior,#REF!,#REF!
aex_Amb_Tier2_paid_amt_11_curr,#REF!,#REF!
aex_Amb_Tier1_claimants_21_curr,#REF!,#REF!
ahf_rx_num_generic_claims_curr,#REF!,#REF!
Med_Catastrophic_Current_Home,#REF!,#REF!
adf_termed_tier4_emp_49_25_spend_curr,#REF!,#REF!
aex_inp_Tier1_admits_15_curr,#REF!,#REF!
ahf_termed_tier3_emp_49_25_spend_curr,#REF!,#REF!
PriceDate,#REF!,#REF!
_PFY2,#REF!,#REF!
Med_MDC_admits_07_prior,#REF!,#REF!
Assets,#REF!,#REF!
FOV_43_Range,#REF!,#REF!
BOB_Med_MDC_paid_23_curr,#REF!,#REF!
aex_Tier3_paid_amt_mental_health_visits_curr,#REF!,#REF!
Med_MDC_billed_17_curr,#REF!,#REF!
AHF_Med_allowed_amt_male_65_over_curr,#REF!,#REF!
num_util_members_class_R_curr,#REF!,#REF!
Rx_male_mem_45_64_curr,#REF!,#REF!
FYE1GrossProfit,#REF!,#REF!
ER_Visits_1000_Members,#REF!,#REF!
Med_MDC_paid_23_curr,#REF!,#REF!
Stat6,#REF!,#REF!
BOB_Med_paid_amt_home_health_curr,#REF!,#REF!
Top25_Services_by_Dollar_Dental_Range,#REF!,#REF!
BOB_Med_MDC_days_03_curr,#REF!,#REF!
ahf_paid_amt_female_20_44_curr,#REF!,#REF!
aex_inp_Tier3_days_19_curr,#REF!,#REF!
ahf_member_cnt_female_65_over_curr,#REF!,#REF!
__MUM9,#REF!,#REF!
ahf_ahf_paid_amt_female_45_64_curr,#REF!,#REF!
BH_BOB_Rx_female_mem_0_19_curr,#REF!,#REF!
Med_MDC_days_11_prior,#REF!,#REF!
aex_inp_Tier3_admits_03_curr,#REF!,#REF!
ahf_termed_tier1_tot_fund_available_curr,#REF!,#REF!
num_claims_class_L_curr,#REF!,#REF!
BOB_Rx_unknown_mem_20_44_prior,#REF!,#REF!
BOB_Rx_male_mem_65_over_prior,#REF!,#REF!
p_1,#REF!,#REF!
Med_MDC_claimants_20_curr,#REF!,#REF!
sum_retail_calc_ing_cost_amt_prior,#REF!,#REF!
aex_Amb_Tier2_paid_amt_04_curr,#REF!,#REF!
Med_billed_amt_unknown_0_19_prior,#REF!,#REF!
UserReportName,#REF!,#REF!
aex_Amb_OON_paid_amt_17_curr,#REF!,#REF!
adf_act_total_fund_paid_prior,#REF!,#REF!
P4P_claim_paid_curr,#REF!,#REF!
Whole_Market_Revenue,#REF!,#REF!
Med_MDC_admits_21_prior,#REF!,#REF!
gpi_name_class_D_curr,#REF!,#REF!
Item10,#REF!,#REF!
BOB_Rx_unknown_mem_20_44_curr,#REF!,#REF!
sum_retail_prof_fee_amt_curr,#REF!,#REF!
ciq_meta_info_6b118d6a8d9e4717875fd1c9d9d51ba3,#REF!,#REF!
AHF_Med_claim_count_male_0_19_curr,#REF!,#REF!
DebtPrice1,#REF!,#REF!
NonOpExp,#REF!,#REF!
Med_MDC_amb_billed_09_curr,#REF!,#REF!
Dental_key_results_network_discount_amt_curr,#REF!,#REF!
aex_Amb_Tier1_paid_amt_24_curr,#REF!,#REF!
Med_MDC_amb_paid_00_curr,#REF!,#REF!
AHF_Med_claim_count_male_45_64_curr,#REF!,#REF!
ahf_total_emp_0_spend_curr,#REF!,#REF!
FI_Executive_Summary_Range,#REF!,#REF!
MDC_CD_17,#REF!,#REF!
AHF_Med_unknown_mem_0_19_prior,#REF!,#REF!
FDP_180_1_aUrv,#REF!,#REF!
Med_MDC_amb_paid_999_curr,#REF!,#REF!
Med_billed_amt_female_45_64_curr,#REF!,#REF!
Med_MDC_admits_18_curr,#REF!,#REF!
DivYield,#REF!,#REF!
BOB_Med_MDC_claimants_17_curr,#REF!,#REF!
HPD_number_claimants_diabetes_curr,#REF!,#REF!
sum_salestax_amt_brand_retail_prior,#REF!,#REF!
aex_Amb_Tier3_paid_amt_16_curr,#REF!,#REF!
BOB_Med_MDC_admits_23_curr,#REF!,#REF!
Aex_Medical_Cost_Category_Range,#REF!,#REF!
aex_oon_utlilization_tot_curr,#REF!,#REF!
adf_termed_tier3_rollover_fund_remaining_curr,#REF!,#REF!
aex_Tier3_paid_amt_med_services_visits_curr,#REF!,#REF!
CalPE3,#REF!,#REF!
ahf_srv_copay_amt_female_45_64_curr,#REF!,#REF!
Med_MDC_amb_billed_03_curr,#REF!,#REF!
ahf_bnft_plan_paid_amt_male_45_64_curr,#REF!,#REF!
aex_Tier1_Inp_Paid_Amt_curr,#REF!,#REF!
Medicare_Billed_male_mem_75_79_curr,#REF!,#REF!
aex_Tier2_Util_amb_surgeries_curr,#REF!,#REF!
Stat1,#REF!,#REF!
aex_Med_MDC_cd_05_curr,#REF!,#REF!
sum_mod_prof_fee_amt_prior,#REF!,#REF!
EPSYear1A,#REF!,#REF!
BOB_Med_female_mem_20_44_curr,#REF!,#REF!
gpi_name_class_Q_prior,#REF!,#REF!
ahf_term_emp_plus_2_fund_paid_curr,#REF!,#REF!
aex_inp_Tier2_paid_amt_22_curr,#REF!,#REF!
LTMCapEx,#REF!,#REF!
Medicare_Billed_female_mem_70_74_prior,#REF!,#REF!
ahf_termed_tier1_emp_99_75_spend_curr,#REF!,#REF!
ahf_calc_ing_cost_amt_female_0_19_curr,#REF!,#REF!
BOB_Dental_preventative_svcs_curr,#REF!,#REF!
AmortYear1,#REF!,#REF!
BOB_Med_paid_amt_med_visits_curr,#REF!,#REF!
Med_MDC_days_05_curr,#REF!,#REF!
generic_subst_curr,#REF!,#REF!
ciq_meta_info_901a4c3f0d1d45608ce744b1fd354844,#REF!,#REF!
aex_Amb_Tier3_paid_amt_05_curr,#REF!,#REF!
Dental_paid_amt_male_65_over_curr,#REF!,#REF!
HPD_number_claimants_diabetes_prior,#REF!,#REF!
util_mem_male_65_over_prior,#REF!,#REF!
aex_inp_Tier3_paid_amt_01_curr,#REF!,#REF!
FDP_25_1_aUrv,#REF!,#REF!
aex_Tier1_paid_amt_med_rx_curr,#REF!,#REF!
HPD_number_claimants_other_prior,#REF!,#REF!
sum_specialty_brand_formulary_paid_amt_prior,#REF!,#REF!
sum_paid_class_M_curr,#REF!,#REF!
aex_Amb_Tier1_paid_amt_14_curr,#REF!,#REF!
sum_mod_generic_plan_paid_amt_curr,#REF!,#REF!
adf_tier2_emp_99_75_spend_curr,#REF!,#REF!
BOB_Med_MDC_cd_18_curr,#REF!,#REF!
Product_72_delete_prior,#REF!,#REF!
Med_claim_count_male_0_19_prior,#REF!,#REF!
Med_MDC_days_09_curr,#REF!,#REF!
Medicare_Billed_female_mem_0_64_curr,#REF!,#REF!
Stub,#REF!,#REF!
BH_BOB_Med_avg_age_members_curr,#REF!,#REF!
Medic_female_mem_80_84_prior,#REF!,#REF!
ahf_rx_num_generic_claims_prior,#REF!,#REF!
Med_office_visits_count_prior,#REF!,#REF!
BOB_Dental_orthodonic_paid_amt_prior,#REF!,#REF!
aex_oon_paid_amt_tot_prior,#REF!,#REF!
_EPS1,#REF!,#REF!
sum_awp_amt_brand_mod_prior,#REF!,#REF!
aex_Amb_Tier2_paid_amt_07_curr,#REF!,#REF!
BOB_Med_MDC_cd_20_curr,#REF!,#REF!
BOB_Med_unknown_mem_65_over_prior,#REF!,#REF!
dent_sav_frm_negot_arrangements_ppo_max_cust_spec_ntwk_prior,#REF!,#REF!
Med_MDC_claimants_08_curr,#REF!,#REF!
EPSYear2A,#REF!,#REF!
Med_MDC_paid_02_curr,#REF!,#REF!
IQRCompsAN140,#REF!,#REF!
HPD_bob_prevalence_diabetes_curr,#REF!,#REF!
ahf_termed_tier3_emp_99_75_spend_curr,#REF!,#REF!
aex_Amb_Tier2_claimants_10_curr,#REF!,#REF!
sum_specialty_generic_paid_amt_prior,#REF!,#REF!
gpi_name_class_F_curr,#REF!,#REF!
Med_count_misc_med_curr,#REF!,#REF!
Med_MDC_inp_paid_16_prior,#REF!,#REF!
Cap_Table,#REF!,#REF!
Dental_other_svcs_prior,#REF!,#REF!
paid_female_0_19_prior,#REF!,#REF!
FOV_05_Range,#REF!,#REF!
ciq_meta_info_ea8d10edb910490a9fb0186402f32266,#REF!,#REF!
AHF_Med_paid_amt_lab_curr,#REF!,#REF!
Dental_unknown_mem_45_64_curr,#REF!,#REF!
BLPH1,#REF!,#REF!
FO_Dental_report_has_xml_ind,#REF!,#REF!
BOB_Med_MDC_admits_17_curr,#REF!,#REF!
BOB_Rx_male_mem_45_64_prior,#REF!,#REF!
_P00comps1,#REF!,#REF!
sum_salestax_amt_brand_retail_curr,#REF!,#REF!
sum_salestax_amt_brand_mod_curr,#REF!,#REF!
sum_specialty_brand_formulary_paid_amt_curr,#REF!,#REF!
BOB_Med_MDC_amb_paid_06_curr,#REF!,#REF!
BOB_Dental_network_paid_amt_curr,#REF!,#REF!
dental_freq_limit_out_network_prior,#REF!,#REF!
aex_inp_OON_days_21_curr,#REF!,#REF!
aex_Amb_OON_paid_amt_05_curr,#REF!,#REF!
aex_Amb_Tier1_paid_amt_17_curr,#REF!,#REF!
aex_Amb_OON_claimants_23_curr,#REF!,#REF!
dental_spouse_out_network_prior,#REF!,#REF!
aex_inp_Tier2_paid_amt_18_curr,#REF!,#REF!
adf_term_total_fund_paid_prior,#REF!,#REF!
CSynYear2,#REF!,#REF!
ConvDebtOut,#REF!,#REF!
FDP_178_1_aDrv,#REF!,#REF!
MDC_CD_05,#REF!,#REF!
Med_billed_amt_med_visits_prior,#REF!,#REF!
Product,#REF!,#REF!
dental_non_covered_serv_in_network_curr,#REF!,#REF!
Med_total_network_discount_prior,#REF!,#REF!
Dental_net_submitted_in_network_prior,#REF!,#REF!
ServRevF01,#REF!,#REF!
num_claims_class_K_curr,#REF!,#REF!
IQRCompsAQ154,#REF!,#REF!
Med_num_employees_prior,#REF!,#REF!
aex_inp_Tier1_paid_amt_04_curr,#REF!,#REF!
BH_BOB_Rx_female_mem_65_over_curr,#REF!,#REF!
BOB_Med_MDC_amb_paid_20_curr,#REF!,#REF!
Product_15_members,#REF!,#REF!
sum_salestax_amt_brand_specialty_curr,#REF!,#REF!
Med_count_inp_surgeries_curr,#REF!,#REF!
aex_inp_Tier2_admits_06_curr,#REF!,#REF!
retail_claims_prior,#REF!,#REF!
IncEndDatePrior,#REF!,#REF!
_bdm.2DA9B0C09026420689DBA407C1175013.edm,#REF!,#REF!
Med_count_encounter_lab_rad_prior,#REF!,#REF!
Med_days_count_curr,#REF!,#REF!
_fkjsgf,#REF!,#REF!
HPD_paid_amt_heart_failure_prior,#REF!,#REF!
BOB_Med_MDC_claimants_00_curr,#REF!,#REF!
aex_Amb_Tier3_claimants_04_curr,#REF!,#REF!
BOB_Rx_num_employees_curr,#REF!,#REF!
FDP_73_1_aSrv,#REF!,#REF!
XREF_COLUMN_13,#REF!,#REF!
retail_plan_paid_amt_curr,#REF!,#REF!
ahf_ahf_paid_amt_female_65_over_curr,#REF!,#REF!
BOB_Med_MDC_paid_10_curr,#REF!,#REF!
adf_total_cr_claim_paid_with_cr_funds_curr,#REF!,#REF!
LTMNetInc,#REF!,#REF!
aex_inp_Tier3_days_04_curr,#REF!,#REF!
Med_Catastrophic_Prior_Home,#REF!,#REF!
adf_total_cr_year_initial_fund_curr,#REF!,#REF!
ahf_total_termd_active_employee_curr,#REF!,#REF!
aex_tier1_paid_amt_tot_prior,#REF!,#REF!
BOB_Med_MDC_inp_paid_19_curr,#REF!,#REF!
AHF_Med_amb_surgery_count_prior,#REF!,#REF!
FDP_118_1_aUrv,#REF!,#REF!
FDP_139_1_aUrv,#REF!,#REF!
CashRate,#REF!,#REF!
Sponsor_Saturation2,#REF!,#REF!
ConvPrefLiq1,#REF!,#REF!
aex_Amb_Tier3_paid_amt_23_curr,#REF!,#REF!
Dental_female_mem_65_over_prior,#REF!,#REF!
FOV_59_Range,#REF!,#REF!
Prices,#REF!,#REF!
paid_male_65_over_prior,#REF!,#REF!
CurrentLiab,#REF!,#REF!
BOB_Med_paid_encounter_spec_phys_prior,#REF!,#REF!
MDC_CD_12,#REF!,#REF!
num_util_members_class_B_prior,#REF!,#REF!
ahf_member_cnt_total_curr,#REF!,#REF!
considmix,#REF!,#REF!
adf_tier4_Incentive_fund_earned_curr,#REF!,#REF!
aex_OON_paid_amt_other_spec_off_visits_curr,#REF!,#REF!
ahf_total_termd_Incentive_fund_earned_curr,#REF!,#REF!
BH_BOB_Med_unknown_mem_20_44_curr,#REF!,#REF!
aex_Amb_OON_claimants_08_curr,#REF!,#REF!
BrokerEnteredTagLine,#REF!,#REF!
adf_total_termd_emp_49_25_spend_curr,#REF!,#REF!
BH_BOB_Rx_unknown_mem_45_64_curr,#REF!,#REF!
Med_admin_savings_amt_curr,#REF!,#REF!
Over,#REF!,#REF!
ahf_bnft_plan_paid_amt_total_0_19_curr,#REF!,#REF!
sum_calcing_cost_amt_non_mac_retail_prior,#REF!,#REF!
aex_Amb_Tier2_paid_amt_13_curr,#REF!,#REF!
Aexcel_Prof_Util_Line_Count,#REF!,#REF!
FDP_204_1_aUrv,#REF!,#REF!
Med_paid_amt_unknown_45_64_prior,#REF!,#REF!
ahf_member_cnt_male_20_44_curr,#REF!,#REF!
num_util_members_class_F_prior,#REF!,#REF!
AHF_Med_allowed_amt_unknown_20_44_curr,#REF!,#REF!
sum_paid_class_I_curr,#REF!,#REF!
___s2,#REF!,#REF!
_20Table2_,#REF!,#REF!
Med_MDC_cd_21_curr,#REF!,#REF!
BOB_Med_inp_paid_amt_curr,#REF!,#REF!
aex_Amb_Tier3_claimants_01_curr,#REF!,#REF!
Med_phys_discount_admin_savings_amt_prior,#REF!,#REF!
Product_45_members,#REF!,#REF!
Remove_Dental_PPO_Section_Check,#REF!,#REF!
aex_Tier1_paid_amt_amb_visits_curr,#REF!,#REF!
ahf_termed_tier3_active_employee_curr,#REF!,#REF!
BookC,#REF!,#REF!
Med_MDC_amb_billed_04_curr,#REF!,#REF!
IQRSheet1R4,#REF!,#REF!
rngLastQuery,#REF!,#REF!
level_c_d_user_ind,#REF!,#REF!
aex_inp_Tier3_days_22_curr,#REF!,#REF!
sum_brand_multisource_calc_ing_prior,#REF!,#REF!
Med_MDC_inp_paid_23_curr,#REF!,#REF!
ahf_termed_tier1_emp_74_50_spend_curr,#REF!,#REF!
AHF_Med_claim_count_female_65_over_curr,#REF!,#REF!
FDP_20_1_aDrv,#REF!,#REF!
IQRCompsAT241,#REF!,#REF!
sic1high,#REF!,#REF!
BOB_Med_MDC_cd_04_curr,#REF!,#REF!
FYE2Shares,#REF!,#REF!
aex_Amb_Tier1_claimants_17_curr,#REF!,#REF!
XRefPaste5,#REF!,#REF!
Med_MDC_days_02_prior,#REF!,#REF!
aex_Amb_Tier1_paid_amt_00_curr,#REF!,#REF!
XRefPaste8,#REF!,#REF!
Med_female_mem_0_19_curr,#REF!,#REF!
SI_SBP_Total_Prior_Members,#REF!,#REF!
gpi_name_class_G_curr,#REF!,#REF!
retail_plan_paid_amt_prior,#REF!,#REF!
EquityAdj,#REF!,#REF!
BH_BOB_Rx_unknown_members_curr,#REF!,#REF!
ahf_bnft_plan_paid_amt_male_0_19_curr,#REF!,#REF!
aex_inp_Tier3_admits_04_curr,#REF!,#REF!
Med_allowed_amt_curr,#REF!,#REF!
FDP_135_1_aUrv,#REF!,#REF!
Med_MDC_amb_billed_08_prior,#REF!,#REF!
Check1,#REF!,#REF!
Med_MDC_inp_paid_15_prior,#REF!,#REF!
EVRevenuesLTM,#REF!,#REF!
Med_hospital_amb_paid_amt_prior,#REF!,#REF!
_bdm.78B77DCD689A43EC883A79537C2E8408.edm,#REF!,#REF!
adf_termed_tier3_tot_fund_available_curr,#REF!,#REF!
Med_MDC_billed_12_curr,#REF!,#REF!
Med_MDC_cd_18_prior,#REF!,#REF!
Med_count_home_health_curr,#REF!,#REF!
Stat9,#REF!,#REF!
FDP_121_1_aUrv,#REF!,#REF!
FDP_159_1_aSrv,#REF!,#REF!
BOB_Med_MDC_paid_11_curr,#REF!,#REF!
_15S,#REF!,#REF!
aex_inp_Tier2_admits_05_curr,#REF!,#REF!
OWNER,#REF!,#REF!
BOB_num_formulary_claims_curr,#REF!,#REF!
Med_MDC_claimants_19_prior,#REF!,#REF!
Med_MDC_billed_00_prior,#REF!,#REF!
dental_prov_netw_sav_disc_in_network_curr,#REF!,#REF!
Med_MDC_billed_07_curr,#REF!,#REF!
aex_Tier1_Util_lab_services_curr,#REF!,#REF!
Med_MDC_inp_paid_04_prior,#REF!,#REF!
FI_Trend_Analysis_Medical_Range,#REF!,#REF!
gpi_name_class_L_curr,#REF!,#REF!
solver_adj,#REF!,#REF!
_bdm.C0D40696085E49099831902D538DE4D4.edm,#REF!,#REF!
ciq_meta_info_ae81b4347817487e885836a877fefb46,#REF!,#REF!
gpi_name_class_D_prior,#REF!,#REF!
ahf_tier2_emp_49_25_spend_curr,#REF!,#REF!
util_mem_male_45_64_curr,#REF!,#REF!
CashT,#REF!,#REF!
NumberOfNetworksSelected,#REF!,#REF!
aex_inp_Tier2_days_01_curr,#REF!,#REF!
Dental_PPO_Max_Section_Check,#REF!,#REF!
TaxRate1,#REF!,#REF!
ReportNetInc,#REF!,#REF!
AHF_Med_paid_amt_male_20_44_curr,#REF!,#REF!
Pr_all,#REF!,#REF!
StopLightingKeyStats,#REF!,#REF!
Stat4,#REF!,#REF!
Rx_unknown_mem_65_over_prior,#REF!,#REF!
sum_specialty_copay_amt_prior,#REF!,#REF!
num_util_members_class_O_prior,#REF!,#REF!
Med_billed_amt_inp_days_curr,#REF!,#REF!
Remove_Dental_PPO_Max_Section_Check,#REF!,#REF!
Product_43_members,#REF!,#REF!
sum_prof_fee_amt_mac_specialty_prior,#REF!,#REF!
num_claims_class_M_curr,#REF!,#REF!
aex_Med_MDC_cd_12_curr,#REF!,#REF!
DebtCap,#REF!,#REF!
AHF_Med_claim_count_unknown_65_over_curr,#REF!,#REF!
IQRCOMPANYBAZ17,#REF!,#REF!
Med_MDC_days_08_prior,#REF!,#REF!
MDC_CD_21,#REF!,#REF!
FDP_7_1_aSrv,#REF!,#REF!
Dental_major_svcs_prior,#REF!,#REF!
aex_inp_Tier2_paid_amt_06_curr,#REF!,#REF!
FDP_86_1_aSrv,#REF!,#REF!
ahf_termed_tier2_tot_fund_available_curr,#REF!,#REF!
Med_MDC_amb_billed_23_prior,#REF!,#REF!
_bdm.29B6C90491534050B2C5F5D0FAC008D1.edm,#REF!,#REF!
aex_Amb_Tier3_claimants_14_curr,#REF!,#REF!
CompDebtCap,#REF!,#REF!
aex_inp_Tier1_days_01_curr,#REF!,#REF!
ahf_ahf_paid_amt_unknown_0_19_curr,#REF!,#REF!
HPD_paid_amt_low_back_curr,#REF!,#REF!
BOB_Med_MDC_days_07_curr,#REF!,#REF!
AHF_Med_unknown_members_curr,#REF!,#REF!
HPD_Delete_Range,#REF!,#REF!
Med_MDC_cd_15_curr,#REF!,#REF!
dental_alt_ben_out_network_curr,#REF!,#REF!
adf_term_emp_plus_2_fund_paid_curr,#REF!,#REF!
Med_amb_network_discount_curr,#REF!,#REF!
ahf_tier2_emp_24_1_spend_curr,#REF!,#REF!
EVRevenues1,#REF!,#REF!
XRefPaste6,#REF!,#REF!
sfr,#REF!,#REF!
BH_BOB_Med_unknown_mem_65_over_curr,#REF!,#REF!
Med_MDC_paid_14_curr,#REF!,#REF!
aex_TOT_Inp_Paid_Amt_curr,#REF!,#REF!
gpi_name_class_C_prior,#REF!,#REF!
aex_Amb_Tier3_claimants_03_curr,#REF!,#REF!
IQRCompsAV241,#REF!,#REF!
sum_prof_fee_amt_brand_retail_prior,#REF!,#REF!
BOB_Med_MDC_amb_paid_18_curr,#REF!,#REF!
EPSLTMA,#REF!,#REF!
ahf_termed_tier1_emp_24_1_spend_curr,#REF!,#REF!
aex_Tier3_Util_er_visits_curr,#REF!,#REF!
Med_MDC_paid_04_curr,#REF!,#REF!
aex_Amb_Tier2_claimants_14_curr,#REF!,#REF!
adf_total_termd_emp_24_1_spend_curr,#REF!,#REF!
Med_claim_count_curr,#REF!,#REF!
FDP_144_1_aUrv,#REF!,#REF!
Med_paid_amt_lab_serv_prior,#REF!,#REF!
aex_inp_Tier1_days_22_curr,#REF!,#REF!
adf_tier2_emp_0_spend_curr,#REF!,#REF!
aex_inp_Tier3_days_10_curr,#REF!,#REF!
IQRCompsM140,#REF!,#REF!
Dental_net_submitted_out_network_curr,#REF!,#REF!
NO_Member_Dental_Data,#REF!,#REF!
dental_other_unknown_out_network_prior,#REF!,#REF!
Med_MDC_inp_billed_10_curr,#REF!,#REF!
mod_plan_paid_amt_curr,#REF!,#REF!
Med_MDC_inp_paid_01_prior,#REF!,#REF!
Dental_female_mem_45_64_curr,#REF!,#REF!
sum_specialty_generic_paid_amt_curr,#REF!,#REF!
NIYear1A,#REF!,#REF!
Amb_MDC_Analysis_Medical_Range,#REF!,#REF!
aex_Amb_OON_claimants_18_curr,#REF!,#REF!
Med_billed_amt_unknown_0_19_curr,#REF!,#REF!
Med_MDC_admits_01_prior,#REF!,#REF!
EquityT,#REF!,#REF!
aex_Tier3_paid_amt_misc_med_curr,#REF!,#REF!
ahf_calc_ing_cost_amt_total_curr,#REF!,#REF!
aex_inp_OON_days_23_curr,#REF!,#REF!
Med_MDC_paid_12_curr,#REF!,#REF!
ahf_tier1_Incentive_fund_earned_curr,#REF!,#REF!
Med_MDC_claimants_23_curr,#REF!,#REF!
BOB_Rx_female_members_prior,#REF!,#REF!
FDP_41_1_aUrv,#REF!,#REF!
FDP_156_1_aUrv,#REF!,#REF!
num_rx_claims_mac_mod_prior,#REF!,#REF!
Med_MDC_admits_04_prior,#REF!,#REF!
BOB_Med_unknown_mem_0_19_curr,#REF!,#REF!
Item5,#REF!,#REF!
brand_curr,#REF!,#REF!
ahf_termed_tier1_cr_year_initial_fund_curr,#REF!,#REF!
BOB_num_brand_singlesource_claims_curr,#REF!,#REF!
Dental_female_members_curr,#REF!,#REF!
aex_inp_Tier2_paid_amt_07_curr,#REF!,#REF!
ahf_total_termd_emp_100_spend_curr,#REF!,#REF!
aex_Med_MDC_cd_18_curr,#REF!,#REF!
ahf_termed_tier3_emp_74_50_spend_curr,#REF!,#REF!
Growth_Rate,#REF!,#REF!
Med_MDC_inp_billed_06_prior,#REF!,#REF!
Med_MDC_billed_22_curr,#REF!,#REF!
Med_count_encounter_other_prior,#REF!,#REF!
BOB_Med_paid_amt_med_visits_prior,#REF!,#REF!
BOB_Dental_basic_paid_amt_prior,#REF!,#REF!
Med_claim_count_female_45_64_curr,#REF!,#REF!
num_claims_class_D_prior,#REF!,#REF!
num_rx_claims_mac_specialty_prior,#REF!,#REF!
aex_inp_Tier1_days_08_curr,#REF!,#REF!
FDP_74_1_aDrv,#REF!,#REF!
AHF_Med_fund_paid_amt_total_mcc_curr,#REF!,#REF!
BOB_Rx_unknown_members_prior,#REF!,#REF!
dent_sav_frm_negot_arrangements_ppo_aetna_spec_ntwk_curr,#REF!,#REF!
num_retail_non_brand_formulary_claims_curr,#REF!,#REF!
ahf_termed_tier3_emp_0_spend_curr,#REF!,#REF!
NA_Range_Med,#REF!,#REF!
util_mem_female_65_over_curr,#REF!,#REF!
Product_05_delete_prior,#REF!,#REF!
aex_Amb_Tier3_claimants_05_curr,#REF!,#REF!
Med_MDC_amb_billed_19_curr,#REF!,#REF!
Med_par_phys_office_visits_count_prior,#REF!,#REF!
IQRCompInputU9,#REF!,#REF!
FDP_97_1_aSrv,#REF!,#REF!
Med_paid_amt_male_0_19_curr,#REF!,#REF!
BOB_Rx_female_mem_0_19_prior,#REF!,#REF!
aex_inp_Tier3_paid_amt_19_curr,#REF!,#REF!
FDP_16_1_aDrv,#REF!,#REF!
EPSLTM,#REF!,#REF!
Med_total_billed_network_curr,#REF!,#REF!
Med_MDC_amb_paid_20_curr,#REF!,#REF!
Med_MDC_amb_billed_06_prior,#REF!,#REF!
MDC_Range_J9_K33,#REF!,#REF!
BOB_Med_female_members_prior,#REF!,#REF!
aex_inp_Tier1_admits_12_curr,#REF!,#REF!
aex_Amb_Tier2_paid_amt_19_curr,#REF!,#REF!
ahf_bnft_plan_paid_amt_unknown_45_64_curr,#REF!,#REF!
Exec_SUmmary_Default_text,#REF!,#REF!
Med_claim_count_above_threshold_prior,#REF!,#REF!
AHF_Med_male_mem_65_over_prior,#REF!,#REF!
LTMCashFlow,#REF!,#REF!
FDP_108_1_aUrv,#REF!,#REF!
medical_sortc,#REF!,#REF!
aex_inp_Tier2_days_06_curr,#REF!,#REF!
Med_MDC_amb_billed_02_prior,#REF!,#REF!
ahf_bnft_plan_paid_amt_female_45_64_curr,#REF!,#REF!
aex_inp_Tier2_admits_04_curr,#REF!,#REF!
num_brand_multisource_claims_curr,#REF!,#REF!
DAStart,#REF!,#REF!
aex_Amb_Tier1_claimants_02_curr,#REF!,#REF!
Med_count_encounter_prim_phys_curr,#REF!,#REF!
aex_tier3_utlilization_tot_prior,#REF!,#REF!
ahf_tier3_emp_0_spend_curr,#REF!,#REF!
Med_MDC_inp_billed_00_curr,#REF!,#REF!
Med_MDC_amb_paid_04_curr,#REF!,#REF!
ciq_meta_info_488c7f57bd2349e995535b5813626d38,#REF!,#REF!
Med_MDC_billed_999_curr,#REF!,#REF!
BOB_Med_unknown_members_prior,#REF!,#REF!
num_util_members_class_OTHER_prior,#REF!,#REF!
_bdm.475844AEC35A11D6B6A80010A4860669.edm,#REF!,#REF!
EPSLTMT,#REF!,#REF!
Request_ID,#REF!,#REF!
aex_Amb_OON_claimants_11_curr,#REF!,#REF!
aex_Tier1_paid_amt_radiology_services_curr,#REF!,#REF!
Med_MDC_amb_billed_08_curr,#REF!,#REF!
BOB_Med_MDC_days_08_curr,#REF!,#REF!
Med_MDC_days_06_prior,#REF!,#REF!
Med_MDC_billed_03_curr,#REF!,#REF!
BOB_Med_MDC_paid_09_curr,#REF!,#REF!
Rx_Top_30_Drugs_by_Claims_Range,#REF!,#REF!
rngStartDate,#REF!,#REF!
sum_retail_prof_fee_amt_prior,#REF!,#REF!
Med_MDC_paid_10_curr,#REF!,#REF!
aex_inp_Tier2_days_11_curr,#REF!,#REF!
FI_Rx_Paid_Current,#REF!,#REF!
aex_OON_paid_amt_total_curr,#REF!,#REF!
_MUM28,#REF!,#REF!
gpi_name_class_O_prior,#REF!,#REF!
FI_Executive_Summary_Page,#REF!,#REF!
aex_Tier2_Util_other_spec_off_visits_curr,#REF!,#REF!
Med_MDC_paid_00_prior,#REF!,#REF!
ahf_calc_ing_cost_amt_unknown_65_over_curr,#REF!,#REF!
aex_inp_Tier1_days_23_curr,#REF!,#REF!
Med_MDC_amb_billed_15_prior,#REF!,#REF!
util_mem_female_65_over_prior,#REF!,#REF!
ahf_termed_tier1_rollover_pr_year_curr,#REF!,#REF!
Med_billed_encounter_lab_rad_prior,#REF!,#REF!
BOB_num_generic_claims_prior,#REF!,#REF!
Med_MDC_cd_06_prior,#REF!,#REF!
dental_deductible_in_network_prior,#REF!,#REF!
Med_MDC_billed_11_prior,#REF!,#REF!
aex_inp_OON_days_05_curr,#REF!,#REF!
sum_retail_generic_plan_paid_amt_prior,#REF!,#REF!
aex_Tier3_paid_amt_off_surgeries_curr,#REF!,#REF!
User_Growth,#REF!,#REF!
Med_claim_count_unknown_20_44_curr,#REF!,#REF!
Med_billed_amt_curr,#REF!,#REF!
adf_termed_tier2_emp_99_75_spend_curr,#REF!,#REF!
PretaxInc,#REF!,#REF!
Product_74_members,#REF!,#REF!
Med_paid_amt_unknown_65_over_curr,#REF!,#REF!
aex_Tier2_paid_amt_misc_med_curr,#REF!,#REF!
ahf_act_total_fund_paid_curr,#REF!,#REF!
Med_MDC_cd_02_prior,#REF!,#REF!
IQRCompsAQ241,#REF!,#REF!
Med_MDC_amb_billed_14_prior,#REF!,#REF!
num_claims_class_C_curr,#REF!,#REF!
_bdm.A5ACD67A37814D1AB59C856D8B6F2DF0.edm,#REF!,#REF!
DA_Prior_Range,#REF!,#REF!
FDP_201_1_aDdv,#REF!,#REF!
BOB_Med_MDC_inp_paid_20_curr,#REF!,#REF!
AHF_Med_allowed_amt_total_prior,#REF!,#REF!
HPD_number_claimants_low_back_curr,#REF!,#REF!
retail_claims_curr,#REF!,#REF!
Number,#REF!,#REF!
AHF_Med_fund_paid_amt_inp_curr,#REF!,#REF!
Product_69_members,#REF!,#REF!
Acq,#REF!,#REF!
ciq_meta_info_a2fc0fc09ea74ec59a008f3a2a4b0a20,#REF!,#REF!
StatLabel3,#REF!,#REF!
ahf_ahf_paid_amt_male_65_over_curr,#REF!,#REF!
ahf_srv_copay_amt_female_20_44_curr,#REF!,#REF!
MDC_CD_09,#REF!,#REF!
ahf_total_termd_cr_clm_paid_with_rollover_funds_curr,#REF!,#REF!
FOV_49_Range,#REF!,#REF!
Div,#REF!,#REF!
FDP_38_1_aUrv,#REF!,#REF!
_bdm.6B742AA8359447F69C5B75F7CCB6E3B6.edm,#REF!,#REF!
CoverPageHome,#REF!,#REF!
Med_MDC_paid_13_prior,#REF!,#REF!
Med_MDC_claimants_20_prior,#REF!,#REF!
Med_MDC_inp_paid_19_prior,#REF!,#REF!
BOB_Med_paid_other_curr,#REF!,#REF!
Med_MDC_admits_20_prior,#REF!,#REF!
Med_billed_amt_male_65_over_prior,#REF!,#REF!
BOB_Med_paid_amt_prim_off_visits_curr,#REF!,#REF!
Med_MDC_amb_billed_09_prior,#REF!,#REF!
IQRCOMPANYBAT89,#REF!,#REF!
Med_MDC_amb_paid_23_prior,#REF!,#REF!
BOB_Med_MDC_cd_23_curr,#REF!,#REF!
adf_total_rollover_fund_remaining_curr,#REF!,#REF!
BOB_Med_MDC_inp_paid_08_curr,#REF!,#REF!
Rx_AHF_avg_age_members_curr,#REF!,#REF!
adf_termed_tier4_cr_year_initial_fund_curr,#REF!,#REF!
new_name,#REF!,#REF!
eqvhigh,#REF!,#REF!
Med_MDC_admits_999_curr,#REF!,#REF!
aex_inp_Tier2_paid_amt_00_curr,#REF!,#REF!
adf_term_total_fund_paid_curr,#REF!,#REF!
Med_MDC_billed_09_curr,#REF!,#REF!
aex_Amb_Tier3_paid_amt_20_curr,#REF!,#REF!
BOB_Med_MDC_cd_16_curr,#REF!,#REF!
ahf_calc_ing_cost_amt_unknown_20_44_curr,#REF!,#REF!
Med_billed_amt_amb_visits_prior,#REF!,#REF!
aex_Amb_Tier1_claimants_15_curr,#REF!,#REF!
BOB_sum_generic_paid_amt_prior,#REF!,#REF!
DebtBeta,#REF!,#REF!
FDP_83_1_aUrv,#REF!,#REF!
Med_female_mem_65_over_prior,#REF!,#REF!
dent_net_avg_sub_charges_ppo_max_aetna_spec_ntwk_curr,#REF!,#REF!
CommunityRated_HPD_Row_21_delete,#REF!,#REF!
BOB_Med_paid_encounter_prim_phys_curr,#REF!,#REF!
IQRCompsAW154,#REF!,#REF!
GenericAverageCopay,#REF!,#REF!
adf_termed_tier4_rollover_fund_remaining_curr,#REF!,#REF!
ahf_total_termd_emp_24_1_spend_curr,#REF!,#REF!
BOB_Dental_other_paid_amt_curr,#REF!,#REF!
Med_MDC_cd_07_prior,#REF!,#REF!
IQRCustomIndexX10,#REF!,#REF!
__s1,#REF!,#REF!
BOB_Med_MDC_cd_10_curr,#REF!,#REF!
aex_Amb_OON_claimants_12_curr,#REF!,#REF!
FDP_2_1_aUrv,#REF!,#REF!
Med_billed_amt_er_visits_prior,#REF!,#REF!
aex_OOC_Claimants_curr,#REF!,#REF!
ahf_tier2_cr_year_initial_fund_curr,#REF!,#REF!
sum_specialty_prof_fee_amt_curr,#REF!,#REF!
aex_inp_Tier3_days_05_curr,#REF!,#REF!
aex_Amb_Tier2_claimants_19_curr,#REF!,#REF!
IQRCOMPANYBAR89,#REF!,#REF!
adf_termed_tier3_active_employee_curr,#REF!,#REF!
adf_tier2_rollover_pr_year_curr,#REF!,#REF!
BOB_Med_paid_encounter_spec_phys_curr,#REF!,#REF!
TSynYear1,#REF!,#REF!
Cash,#REF!,#REF!
IQRCapExofSalesChartV10,#REF!,#REF!
EVEBITDALTM,#REF!,#REF!
ahf_calc_ing_cost_amt_unknown_0_19_curr,#REF!,#REF!
aex_inp_Tier3_days_00_curr,#REF!,#REF!
FDP_44_1_aUrv,#REF!,#REF!
FDP_115_1_aUrv,#REF!,#REF!
PrefDivPaid,#REF!,#REF!
FI_Key_Stats_Med_Paid_per_Employee,#REF!,#REF!
EPSSource,#REF!,#REF!
dental_elig_denials_out_network_prior,#REF!,#REF!
sum_brand_singlesource_calc_ing_curr,#REF!,#REF!
aex_inp_OON_days_04_curr,#REF!,#REF!
MDC_CD_06,#REF!,#REF!
ahf_bnft_plan_paid_amt_male_65_over_curr,#REF!,#REF!
dent_tot_services_out_ntwk_curr,#REF!,#REF!
CSynLTM,#REF!,#REF!
Aexcel_Structure_Headings,#REF!,#REF!
Med_MDC_inp_paid_10_prior,#REF!,#REF!
ciq_meta_info_2e42e0e2a5564f2f95067e31c3a98210,#REF!,#REF!
sum_prof_fee_amt_mac_mod_curr,#REF!,#REF!
aex_Amb_OON_claimants_16_curr,#REF!,#REF!
aex_inp_Tier2_paid_amt_20_curr,#REF!,#REF!
aex_inp_Tier2_days_03_curr,#REF!,#REF!
Med_paid_amt_amb_visits_curr,#REF!,#REF!
dental_spouse_in_network_prior,#REF!,#REF!
ahf_total_emp_74_50_spend_curr,#REF!,#REF!
Med_paid_amt_female_0_19_prior,#REF!,#REF!
ahf_termed_tier4_rollover_pr_year_curr,#REF!,#REF!
AHF_Med_months_prior,#REF!,#REF!
ahf_tier3_emp_49_25_spend_curr,#REF!,#REF!
Medicare_Billed_female_mem_75_79_curr,#REF!,#REF!
_1__123Graph_ACHART_4,#REF!,#REF!
sum_calcing_cost_amt_mac_mod_prior,#REF!,#REF!
aex_OON_Util_inp_days_curr,#REF!,#REF!
Template_File_Name,#REF!,#REF!
Changes,#REF!,#REF!
dental_major_out_network_curr,#REF!,#REF!
Dental_net_submitted_out_network_prior,#REF!,#REF!
aex_inp_Tier3_days_16_curr,#REF!,#REF!
Dental_unknown_mem_20_44_curr,#REF!,#REF!
Med_MDC_admits_10_curr,#REF!,#REF!
aex_Amb_OON_paid_amt_06_curr,#REF!,#REF!
sum_awp_amt_non_mac_specialty_curr,#REF!,#REF!
Med_paid_amt_inp_days_curr,#REF!,#REF!
ahf_termed_tier4_emp_100_spend_curr,#REF!,#REF!
BOB_Med_MDC_claimants_13_curr,#REF!,#REF!
ahf_ahf_paid_amt_unknown_20_44_curr,#REF!,#REF!
aex_Tier2_paid_amt_home_health_visits_curr,#REF!,#REF!
aex_Tier3_Util_misc_med_curr,#REF!,#REF!
___s4,#REF!,#REF!
_Key2,#REF!,#REF!
BOB_Rx_male_mem_0_19_prior,#REF!,#REF!
sum_paid_class_OTHER_curr,#REF!,#REF!
Med_MDC_billed_18_curr,#REF!,#REF!
Med_count_med_rx_curr,#REF!,#REF!
High8,#REF!,#REF!
aex_Med_MDC_cd_20_curr,#REF!,#REF!
LicRevF01,#REF!,#REF!
num_generic_claims_curr,#REF!,#REF!
Med_MDC_admits_18_prior,#REF!,#REF!
_bdm.B7DFBD22485E47999D366578A653E092.edm,#REF!,#REF!
sum_mod_non_brand_formulary_copay_amt_curr,#REF!,#REF!
aex_OON_paid_amt_lab_services_curr,#REF!,#REF!
EVEBIT1,#REF!,#REF!
IQRCompsAN183,#REF!,#REF!
Item2,#REF!,#REF!
FDP_146_1_aUrv,#REF!,#REF!
num_claims_class_P_curr,#REF!,#REF!
Med_paid_amt_unknown_20_44_prior,#REF!,#REF!
IS_Summary,#REF!,#REF!
dental_alt_ben_in_network_curr,#REF!,#REF!
aex_Tier3_Util_amb_visits_curr,#REF!,#REF!
AHF_Med_paid_amt_curr,#REF!,#REF!
Med_MDC_cd_17_prior,#REF!,#REF!
_Yr1,#REF!,#REF!
Med_MDC_cd_19_curr,#REF!,#REF!
Med_unknown_members_prior,#REF!,#REF!
Med_MDC_inp_billed_21_prior,#REF!,#REF!
BOB_Med_female_mem_65_over_prior,#REF!,#REF!
ahf_termed_tier4_Incentive_fund_earned_curr,#REF!,#REF!
Rx_AHF_female_mem_45_64_curr,#REF!,#REF!
Med_billed_amt_lab_serv_prior,#REF!,#REF!
Med_other_discount_admin_savings_amt_curr,#REF!,#REF!
BOB_Med_MDC_admits_11_curr,#REF!,#REF!
ahf_calc_ing_cost_amt_total_0_19_curr,#REF!,#REF!
Med_MDC_claimants_16_curr,#REF!,#REF!
num_mod_generic_claims_curr,#REF!,#REF!
LTMOther1,#REF!,#REF!
BOB_Med_MDC_claimants_22_curr,#REF!,#REF!
Med_count_encounter_prim_phys_prior,#REF!,#REF!
BH_BOB_Med_female_mem_65_over_curr,#REF!,#REF!
BOB_Med_MDC_admits_01_curr,#REF!,#REF!
_bdm.E8E49C6DF7BD45AE9D28FA42F05764BF.edm,#REF!,#REF!
_bdm.D43A6B2A947B4EA9A42335B05D28E8EB.edm,#REF!,#REF!
aex_Amb_Tier3_paid_amt_10_curr,#REF!,#REF!
Dental_avg_age_members_prior,#REF!,#REF!
aex_tier1_utlilization_tot_curr,#REF!,#REF!
_MUM31,#REF!,#REF!
OptionPrice,#REF!,#REF!
BOB_Med_amb_paid_amt_prior,#REF!,#REF!
aex_Amb_Tier3_claimants_21_curr,#REF!,#REF!
LTMOther3,#REF!,#REF!
StrLTDebt,#REF!,#REF!
medical_sortb,#REF!,#REF!
adf_act_emp_plus_1_fund_paid_prior,#REF!,#REF!
aex_Amb_OON_claimants_14_curr,#REF!,#REF!
Dental_services_out_network_curr,#REF!,#REF!
LTMEBIT,#REF!,#REF!
Med_billed_amt_inp_surgeries_prior,#REF!,#REF!
Med_MDC_billed_23_prior,#REF!,#REF!
Med_paid_amt_female_20_44_curr,#REF!,#REF!
Dental_paid_amt_female_20_44_prior,#REF!,#REF!
BOB_Med_inp_surgery_count_curr,#REF!,#REF!
aex_Amb_Tier3_claimants_19_curr,#REF!,#REF!
AHF_Med_claim_count_female_0_19_curr,#REF!,#REF!
_Fill,#REF!,#REF!
Med_inp_billed_network_curr,#REF!,#REF!
SubRate,#REF!,#REF!
aex_inp_OON_admits_22_curr,#REF!,#REF!
Med_claim_count_unknown_65_over_prior,#REF!,#REF!
aex_Tier2_Util_med_rx_curr,#REF!,#REF!
aex_inp_Tier1_paid_amt_06_curr,#REF!,#REF!
BookAdj,#REF!,#REF!
Med_phys_discount_admin_savings_amt_curr,#REF!,#REF!
r.Profitability,#REF!,#REF!
Medicare_Billed_male_mem_0_64_curr,#REF!,#REF!
Med_MDC_billed_10_curr,#REF!,#REF!
Provider_Network_Exp_Medical_Range,#REF!,#REF!
aex_Med_MDC_cd_06_curr,#REF!,#REF!
FDP_90_1_aUrv,#REF!,#REF!
Med_male_mem_0_19_prior,#REF!,#REF!
Med_MDC_paid_17_curr,#REF!,#REF!
FOV_12_Range,#REF!,#REF!
ahf_total_termd_cr_claim_paid_with_cr_funds_curr,#REF!,#REF!
BOB_num_claims_prior,#REF!,#REF!
dental_orthodontic_out_network_curr,#REF!,#REF!
ahf_tier2_emp_74_50_spend_curr,#REF!,#REF!
sum_svc_copay_amt_brand_retail_curr,#REF!,#REF!
BH_BOB_Med_months_curr,#REF!,#REF!
aex_inp_Tier1_paid_amt_13_curr,#REF!,#REF!
dental_basic_out_network_prior,#REF!,#REF!
_bdm.27904B4DF6A74A119EACCBC498052D25.edm,#REF!,#REF!
Symbol,#REF!,#REF!
Med_MDC_billed_10_prior,#REF!,#REF!
FYE2EBITDA,#REF!,#REF!
_bdm.716F6C2637BC4ACB8424715CBA3C945C.edm,#REF!,#REF!
Rx_Retail_vs_MOD_Impact_Range,#REF!,#REF!
paid_male_0_19_prior,#REF!,#REF!
BOB_Med_MDC_admits_999_curr,#REF!,#REF!
sum_svc_copay_amt_non_mac_retail_prior,#REF!,#REF!
BOB_Med_MDC_cd_09_curr,#REF!,#REF!
BOB_Med_MDC_admits_02_curr,#REF!,#REF!
ahf_termed_tier4_active_employee_curr,#REF!,#REF!
BOB_Med_MDC_cd_08_curr,#REF!,#REF!
Dental_cost_share_cob_amt_prior,#REF!,#REF!
Med_MDC_paid_22_curr,#REF!,#REF!
FDP_113_1_aUrv,#REF!,#REF!
aex_Amb_OON_claimants_03_curr,#REF!,#REF!
aex_Tier2_paid_amt_er_visits_curr,#REF!,#REF!
aex_inp_Tier1_paid_amt_23_curr,#REF!,#REF!
Med_count_prim_off_visits_curr,#REF!,#REF!
num_rx_claims_brand_mod_prior,#REF!,#REF!
adf_termed_tier1_Incentive_fund_earned_curr,#REF!,#REF!
sum_generic_avg_paid_claim_curr,#REF!,#REF!
ASEDTGrh,#REF!,#REF!
IQRCompsAX198,#REF!,#REF!
dent_sav_frm_negot_arrangements_ppo_aetna_ppo_ntwk_prior,#REF!,#REF!
Med_non_facility_billed_network_prior,#REF!,#REF!
Targets,#REF!,#REF!
num_claims_class_J_prior,#REF!,#REF!
ADF_Activity_By_Tier_Range,#REF!,#REF!
aex_Tier3_Claimants_curr,#REF!,#REF!
Medicare_Billed_male_mem_0_64_prior,#REF!,#REF!
IQRCompsAV183,#REF!,#REF!
BOB_Med_MDC_days_00_curr,#REF!,#REF!
sgf,#REF!,#REF!
dental_children_out_network_prior,#REF!,#REF!
dent_sav_frm_negot_arrangements_ppo_aetna_ppo_II_ntwk_curr,#REF!,#REF!
aex_Amb_OON_claimants_10_curr,#REF!,#REF!
Med_MDC_admits_08_prior,#REF!,#REF!
FDP_100_1_aUrv,#REF!,#REF!
ciq_meta_info_4bf382208af840f3a0c57abfc8f02934,#REF!,#REF!
FOV_DN_Range,#REF!,#REF!
Med_MDC_amb_billed_11_curr,#REF!,#REF!
Med_paid_amt_spec_office_visits_curr,#REF!,#REF!
dental_other_in_network_curr,#REF!,#REF!
sum_retail_non_brand_formulary_copay_amt_curr,#REF!,#REF!
Med_MDC_cd_16_prior,#REF!,#REF!
Aetna_PPO_Ntwk_Exp_PPO_Net_Avg_Sub_Charges,#REF!,#REF!
aex_inp_OON_days_00_curr,#REF!,#REF!
medical_sortd,#REF!,#REF!
adf_termed_tier4_rollover_pr_year_curr,#REF!,#REF!
dent_tot_services_aetna_spec_ntwk_prior,#REF!,#REF!
Dental_female_mem_20_44_curr,#REF!,#REF!
FDP_116_1_aUrv,#REF!,#REF!
BOB_Med_female_mem_0_19_curr,#REF!,#REF!
aex_Tier3_Util_spec_off_visits_curr,#REF!,#REF!
Acquirors,#REF!,#REF!
Template_Type,#REF!,#REF!
BOB_Med_MDC_inp_paid_10_curr,#REF!,#REF!
FDP_63_1_aUrv,#REF!,#REF!
dent_net_avg_sub_charges_ppo_max_aetna_ppo_II_ntwk_prior,#REF!,#REF!
sic1ok,#REF!,#REF!
End_Bal,#REF!,#REF!
Med_MDC_claimants_03_curr,#REF!,#REF!
HPD_paid_amt_coronary_artery_disease_curr,#REF!,#REF!
Med_surgery_count_curr,#REF!,#REF!
aex_Tier2_Amb_Paid_Amt_curr,#REF!,#REF!
BOB_Med_MDC_days_02_curr,#REF!,#REF!
__MUM22,#REF!,#REF!
Current,#REF!,#REF!
IntC,#REF!,#REF!
Rx_Network_Analysis_Savings_Range,#REF!,#REF!
FOV_50_Range,#REF!,#REF!
aex_Tier2_paid_amt_spec_off_visits_curr,#REF!,#REF!
Check_For_Product_99,#REF!,#REF!
BOB_Med_deductible_amt_curr,#REF!,#REF!
Dental_paid_amt_unknown_65_over_prior,#REF!,#REF!
sum_paid_class_M_prior,#REF!,#REF!
AHF_Med_count_total_curr,#REF!,#REF!
se,#REF!,#REF!
Med_cob_amt_curr,#REF!,#REF!
dent_net_avg_sub_charges_ppo_max_aetna_spec_ntwk_prior,#REF!,#REF!
Aex_Professional_Experience_Range,#REF!,#REF!
aex_inp_Tier1_admits_20_curr,#REF!,#REF!
Med_num_members_prior,#REF!,#REF!
DA_Dental_Range,#REF!,#REF!
AHF_Med_claim_count_female_0_19_prior,#REF!,#REF!
Med_hospital_inp_paid_amt_curr,#REF!,#REF!
Med_MDC_claimants_21_curr,#REF!,#REF!
dental_cob_in_network_curr,#REF!,#REF!
sum_calc_ing_cost_curr,#REF!,#REF!
ciq_meta_info_44818688f8704a6fb88016c5413eefdc,#REF!,#REF!
sum_paid_class_D_prior,#REF!,#REF!
sum_specialty_plan_paid_amt_curr,#REF!,#REF!
aex_inp_Tier2_days_21_curr,#REF!,#REF!
Rx_AHF_unknown_mem_65_over_prior,#REF!,#REF!
IQRCompInputO43,#REF!,#REF!
sum_prof_fee_amt_brand_mod_curr,#REF!,#REF!
rngQueryType,#REF!,#REF!
aex_Tier1_Util_misc_med_curr,#REF!,#REF!
DeprPeriod,#REF!,#REF!
aex_Amb_Tier1_paid_amt_16_curr,#REF!,#REF!
Med_MDC_days_06_curr,#REF!,#REF!
toc_report_name,#REF!,#REF!
generic_util_prior,#REF!,#REF!
Med_MDC_billed_11_curr,#REF!,#REF!
EnterpriseT,#REF!,#REF!
aex_OON_paid_amt_primary_off_visits_curr,#REF!,#REF!
aex_inp_Tier3_admits_18_curr,#REF!,#REF!
aex_Amb_OON_paid_amt_10_curr,#REF!,#REF!
Debt,#REF!,#REF!
_MUM5,#REF!,#REF!
gpi_name_class_B_curr,#REF!,#REF!
MDC_CD_08,#REF!,#REF!
Med_MDC_amb_paid_09_prior,#REF!,#REF!
Med_unknown_mem_20_44_prior,#REF!,#REF!
Med_paid_encounter_prim_phys_curr,#REF!,#REF!
Rx_unknown_members_prior,#REF!,#REF!
FI_medicare_Rx_Key_Stats_ratio_of_members_to_employees,#REF!,#REF!
aex_inp_Tier3_admits_06_curr,#REF!,#REF!
EBITInt,#REF!,#REF!
aex_inp_OON_days_22_curr,#REF!,#REF!
BOB_sum_brand_singlesource_paid_amt_prior,#REF!,#REF!
aex_inp_OON_days_09_curr,#REF!,#REF!
Product22,#REF!,#REF!
junk,#REF!,#REF!
AssetsA,#REF!,#REF!
num_specialty_brand_formulary_claims_prior,#REF!,#REF!
BOB_Rx_male_mem_0_19_curr,#REF!,#REF!
_bdm.329FD9CDA97C40029C4A921D6224414B.edm,#REF!,#REF!
_MUM26,#REF!,#REF!
MDC_Range_C7_G8,#REF!,#REF!
FDP_155_1_aSrv,#REF!,#REF!
aex_inp_OON_days_15_curr,#REF!,#REF!
Med_claim_count_female_65_over_prior,#REF!,#REF!
Med_MDC_cd_09_prior,#REF!,#REF!
dental_tot_ben_cat_in_network_prior,#REF!,#REF!
gpi_name_class_OTHER_curr,#REF!,#REF!
aex_inp_OON_paid_amt_10_curr,#REF!,#REF!
_bdm.5899DA80924A4C1182E5C7D6095DD314.edm,#REF!,#REF!
Med_MDC_amb_billed_14_curr,#REF!,#REF!
ADLTM,#REF!,#REF!
Demographics_Dental_Range,#REF!,#REF!
Product_11_delete_prior,#REF!,#REF!
StatLabel7,#REF!,#REF!
Dental_paid_amt_female_0_19_curr,#REF!,#REF!
HPD_number_claimants_heart_failure_prior,#REF!,#REF!
util_mem_female_0_19_curr,#REF!,#REF!
aex_Amb_OON_claimants_09_curr,#REF!,#REF!
sum_svc_copay_amt_brand_specialty_curr,#REF!,#REF!
Med_MDC_paid_01_prior,#REF!,#REF!
Key_Statistics_Dental_Range,#REF!,#REF!
IQRCompsAP225,#REF!,#REF!
FDP_107_1_aUrv,#REF!,#REF!
Med_MDC_amb_billed_10_prior,#REF!,#REF!
num_claims_class_K_prior,#REF!,#REF!
aex_Tier3_Paid_Amt_curr,#REF!,#REF!
aex_Amb_Tier3_paid_amt_04_curr,#REF!,#REF!
Item4,#REF!,#REF!
AHF_Med_claim_count_unknown_20_44_curr,#REF!,#REF!
dent_sav_frm_negot_arrangements_ppo_max_aetna_spec_ntwk_prior,#REF!,#REF!
AHF_Med_count_medical_rx_curr,#REF!,#REF!
BOB_Med_paid_amt_rad_serv_prior,#REF!,#REF!
FOV_SI_Product_05_Range,#REF!,#REF!
num_util_members_class_A_curr,#REF!,#REF!
dental_paid_ben_in_network_curr,#REF!,#REF!
BOB_Med_MDC_amb_paid_23_curr,#REF!,#REF!
Rent,#REF!,#REF!
BOB_Med_paid_encounter_other_prior,#REF!,#REF!
ahf_total_emp_49_25_spend_curr,#REF!,#REF!
exclude_large_claimant_ind,#REF!,#REF!
aex_Tier2_paid_amt_inp_days_curr,#REF!,#REF!
EV2OtherLTM,#REF!,#REF!
BLPH7,#REF!,#REF!
Med_billed_amt_prior,#REF!,#REF!
gpi_name_class_H_prior,#REF!,#REF!
aex_Tier1_paid_amt_misc_med_curr,#REF!,#REF!
aex_Tier3_paid_amt_total_curr,#REF!,#REF!
Med_MDC_amb_paid_04_prior,#REF!,#REF!
Aexcel_Prof_Exp_Cost_Headings,#REF!,#REF!
sum_svc_copay_amt_non_mac_mod_curr,#REF!,#REF!
FDP_136_1_aSrv,#REF!,#REF!
DebtAdj,#REF!,#REF!
num_claims_class_E_curr,#REF!,#REF!
Med_admin_savings_amt_prior,#REF!,#REF!
FDP_165_1_aSrv,#REF!,#REF!
BOB_Med_MDC_claimants_999_curr,#REF!,#REF!
XREF_COLUMN_15,#REF!,#REF!
BH_BOB_Med_male_mem_65_over_curr,#REF!,#REF!
mod_copay_amt_prior,#REF!,#REF!
FDP_191_1_aUdv,#REF!,#REF!
Med_er_visits_count_prior,#REF!,#REF!
BOB_Med_MDC_admits_07_curr,#REF!,#REF!
FDP_188_1_aUdv,#REF!,#REF!
ciq_meta_info_9a96faed93bb40c1a1c8e6e83afef714,#REF!,#REF!
aex_inp_Tier2_admits_01_curr,#REF!,#REF!
IQRChartV7,#REF!,#REF!
aex_inp_OON_days_19_curr,#REF!,#REF!
Med_paid_amt_above_threshold_curr,#REF!,#REF!
_bdm.A5079CC3AD6E11D6B69B0010A4860669.edm,#REF!,#REF!
_key3,#REF!,#REF!
ProcEndDatePrior,#REF!,#REF!
Med_MDC_cd_14_curr,#REF!,#REF!
Template3,#REF!,#REF!
Med_MDC_inp_billed_21_curr,#REF!,#REF!
aex_Tier2_paid_amt_med_services_visits_curr,#REF!,#REF!
aex_OON_Util_off_surgeries_curr,#REF!,#REF!
FDP_124_1_aUrv,#REF!,#REF!
adf_termed_tier1_emp_0_spend_curr,#REF!,#REF!
AHF_Med_unknown_mem_65_over_prior,#REF!,#REF!
Med_MDC_paid_18_prior,#REF!,#REF!
_MUM7,#REF!,#REF!
aex_inp_Tier3_admits_24_curr,#REF!,#REF!
aex_inp_Tier2_admits_08_curr,#REF!,#REF!
FYE1CashFlow,#REF!,#REF!
num_rx_claims_mac_mod_curr,#REF!,#REF!
Aexcel_Prof_Cost_Line_Count,#REF!,#REF!
Dental_rc_savings_other_prior,#REF!,#REF!
dent_net_avg_sub_charges_ppo_aetna_spec_ntwk_curr,#REF!,#REF!
Change2,#REF!,#REF!
BOB_Med_MDC_paid_05_curr,#REF!,#REF!
Prem1,#REF!,#REF!
EBITDAGrowth,#REF!,#REF!
Product18_or_22,#REF!,#REF!
Product_49_members,#REF!,#REF!
aex_Med_MDC_cd_17_curr,#REF!,#REF!
ahf_member_cnt_male_65_over_curr,#REF!,#REF!
num_util_members_class_N_curr,#REF!,#REF!
aex_inp_Tier2_admits_15_curr,#REF!,#REF!
aex_Tier1_Util_off_surgeries_curr,#REF!,#REF!
AHF_Med_num_members_curr,#REF!,#REF!
Med_MDC_admits_11_curr,#REF!,#REF!
_bm,#REF!,#REF!
Med_MDC_cd_05_curr,#REF!,#REF!
Z_9118CF73_A0E0_408F_82FC_D7B84F445576_.wvu.Cols,#REF!,#REF!
aex_inp_Tier2_paid_amt_01_curr,#REF!,#REF!
Med_MDC_cd_19_prior,#REF!,#REF!
Med_paid_amt_female_65_over_curr,#REF!,#REF!
Med_MDC_amb_billed_02_curr,#REF!,#REF!
num_claims_class_E_prior,#REF!,#REF!
DD_ER_VISITS_FOOTNOTE,#REF!,#REF!
PretaxItems4,#REF!,#REF!
Loan_Years,#REF!,#REF!
BOB_Med_MDC_amb_paid_12_curr,#REF!,#REF!
Total_Interest,#REF!,#REF!
Dental_paid_amt_female_45_64_curr,#REF!,#REF!
gpi_name_class_R_curr,#REF!,#REF!
FOV_45_Range,#REF!,#REF!
ahf_member_cnt_unknown_65_over_curr,#REF!,#REF!
ahf_termed_tier3_tot_fund_available_curr,#REF!,#REF!
aex_Tier2_Util_inp_days_curr,#REF!,#REF!
EV1Other2,#REF!,#REF!
Prem4,#REF!,#REF!
FOV_03_Range,#REF!,#REF!
ahf_tier2_emp_100_spend_curr,#REF!,#REF!
_PE3,#REF!,#REF!
Med_MDC_amb_paid_14_curr,#REF!,#REF!
Med_billed_other_prior,#REF!,#REF!
Dental_male_mem_65_over_prior,#REF!,#REF!
sum_svc_copay_amt_mac_specialty_curr,#REF!,#REF!
sum_calcing_cost_amt_brand_specialty_curr,#REF!,#REF!
FDP_12_1_aDrv,#REF!,#REF!
BOB_Dental_coinsurance_amt_prior,#REF!,#REF!
BOB_Med_MDC_amb_paid_03_curr,#REF!,#REF!
Med_MDC_billed_20_curr,#REF!,#REF!
FI_Rx_Key_Statistics_Range,#REF!,#REF!
num_claims_class_O_curr,#REF!,#REF!
Dental_male_mem_45_64_prior,#REF!,#REF!
BOB_Med_amb_paid_amt_curr,#REF!,#REF!
_MUM4,#REF!,#REF!
sum_awp_amt_brand_mod_curr,#REF!,#REF!
aex_Tier2_Util_med_services_visits_curr,#REF!,#REF!
__123Graph_CCurrent,#REF!,#REF!
dental_oth_denied_clms_in_network_prior,#REF!,#REF!
FDP_54_1_aUrv,#REF!,#REF!
aex_inp_Tier2_paid_amt_19_curr,#REF!,#REF!
aex_Tier1_Util_amb_visits_curr,#REF!,#REF!
ahf_srv_copay_amt_male_20_44_curr,#REF!,#REF!
Med_MDC_inp_billed_05_prior,#REF!,#REF!
Dental_net_submitted_other_prior,#REF!,#REF!
num_util_members_class_E_curr,#REF!,#REF!
FOV_07_Range,#REF!,#REF!
etvlow,#REF!,#REF!
adf_termed_tier2_cr_claim_paid_with_cr_funds_curr,#REF!,#REF!
_bdm.C3E13177535448438E150830D06FAD0D.edm,#REF!,#REF!
FDP_138_1_aUrv,#REF!,#REF!
Med_MDC_cd_01_prior,#REF!,#REF!
StopLightingProviderNetwork,#REF!,#REF!
Med_MDC_inp_billed_17_prior,#REF!,#REF!
AHF_Med_admit_count_curr,#REF!,#REF!
aex_Amb_Tier1_paid_amt_20_curr,#REF!,#REF!
ahf_tier2_Incentive_fund_earned_curr,#REF!,#REF!
NILTMA,#REF!,#REF!
DATA_01,#REF!,#REF!
BOB_Med_male_mem_0_19_prior,#REF!,#REF!
aex_Amb_Tier1_claimants_09_curr,#REF!,#REF!
BOB_Med_MDC_inp_paid_21_curr,#REF!,#REF!
aex_Tier3_Util_primary_off_visits_curr,#REF!,#REF!
StatLabel8,#REF!,#REF!
Aetna_PPO_II_Ntwk_Exp_PPO_Max_Net_Avg_Sub_Charges,#REF!,#REF!
SI_Rx_Paid_Current,#REF!,#REF!
num_rx_claims_non_mac_specialty_curr,#REF!,#REF!
Current_Network_Discount_Savings,#REF!,#REF!
Med_count_inp_surgeries_prior,#REF!,#REF!
AHF_Med_inp_surgery_count_curr,#REF!,#REF!
_s4,#REF!,#REF!
aex_Amb_Tier2_claimants_16_curr,#REF!,#REF!
ahf_termed_tier2_cr_clm_paid_with_rollover_funds_curr,#REF!,#REF!
aex_inp_OON_days_17_curr,#REF!,#REF!
num_util_members_class_G_curr,#REF!,#REF!
aex_Amb_Tier2_claimants_03_curr,#REF!,#REF!
aex_inp_Tier1_days_05_curr,#REF!,#REF!
__123Graph_DCurrent,#REF!,#REF!
Med_MDC_billed_04_curr,#REF!,#REF!
BOB_Med_MDC_cd_15_curr,#REF!,#REF!
ahf_paid_amt_unknown_0_19_curr,#REF!,#REF!
CapT,#REF!,#REF!
ahf_paid_amt_total_curr,#REF!,#REF!
Med_claim_count_female_20_44_curr,#REF!,#REF!
sic3high,#REF!,#REF!
dental_tot_mbr_type_in_network_curr,#REF!,#REF!
ahf_termed_tier2_rollover_fund_remaining_curr,#REF!,#REF!
NONAHFRxMedicalProduct,#REF!,#REF!
IntangAssets,#REF!,#REF!
adf_total_termd_rollover_fund_remaining_curr,#REF!,#REF!
_bdm.1742263542124AF3BCE865208D9E404D.edm,#REF!,#REF!
Dental_rc_savings_in_network_curr,#REF!,#REF!
aex_Tier3_Util_inp_surgeries_curr,#REF!,#REF!
ahf_act_emp_plus_1_fund_paid_curr,#REF!,#REF!
FDP_280_1_aSrv,#REF!,#REF!
aex_Med_MDC_cd_00_curr,#REF!,#REF!
aex_Amb_OON_paid_amt_07_curr,#REF!,#REF!
_MUM22,#REF!,#REF!
FDP_64_1_aUrv,#REF!,#REF!
tabc_report_name,#REF!,#REF!
ahf_total_termd_rollover_pr_year_curr,#REF!,#REF!
Med_MDC_amb_paid_09_curr,#REF!,#REF!
adf_tier1_emp_49_25_spend_curr,#REF!,#REF!
Medic_female_mem_75_79_prior,#REF!,#REF!
Med_MDC_inp_paid_06_prior,#REF!,#REF!
ahf_termed_tier1_cr_claim_paid_with_cr_funds_curr,#REF!,#REF!
Med_MDC_claimants_07_curr,#REF!,#REF!
IQRMediaCompTemplateAB43,#REF!,#REF!
XREF_COLUMN_5,#REF!,#REF!
Cap,#REF!,#REF!
TK,#REF!,#REF!
Beta,#REF!,#REF!
aex_tier3_paid_amt_tot_curr,#REF!,#REF!
__123Graph_BCurrent,#REF!,#REF!
Med_total_par_negot_savings_amt_curr,#REF!,#REF!
BH_BOB_Med_male_mem_20_44_curr,#REF!,#REF!
Dental_male_members_prior,#REF!,#REF!
Product_57_delete_prior,#REF!,#REF!
BOB_Med_copay_amt_prior,#REF!,#REF!
paid_male_20_44_prior,#REF!,#REF!
num_mod_non_brand_formulary_claims_curr,#REF!,#REF!
dental_prov_netw_sav_disc_out_network_prior,#REF!,#REF!
aex_OON_paid_amt_home_health_visits_curr,#REF!,#REF!
FDP_19_1_aDrv,#REF!,#REF!
Product_57_members,#REF!,#REF!
FOV_57_Range,#REF!,#REF!
ciq_meta_info_6500495f8cdb432bb9e46f0cef321133,#REF!,#REF!
ahf_bnft_plan_paid_amt_total_curr,#REF!,#REF!
ahf_total_termd_cr_fund_remaining_curr,#REF!,#REF!
util_mem_male_20_44_prior,#REF!,#REF!
sum_specialty_non_brand_formulary_paid_amt_curr,#REF!,#REF!
__123Graph_ECurrent,#REF!,#REF!
aex_inp_Tier3_admits_08_curr,#REF!,#REF!
generic_subst_prior,#REF!,#REF!
AHF_Med_male_mem_20_44_prior,#REF!,#REF!
_bdm.9F431FF176694D088241118CB30B26D3.edm,#REF!,#REF!
ahf_termed_tier3_rollover_fund_remaining_curr,#REF!,#REF!
Pay_Date,#REF!,#REF!
num_util_members_class_I_curr,#REF!,#REF!
adf_tier1_cr_fund_remaining_curr,#REF!,#REF!
Med_billed_amt_unknown_45_64_prior,#REF!,#REF!
num_rx_claims_non_mac_mod_prior,#REF!,#REF!
adf_total_emp_74_50_spend_curr,#REF!,#REF!
InflationMonth,#REF!,#REF!
BOB_Med_MDC_amb_paid_02_curr,#REF!,#REF!
PSUNumber,#REF!,#REF!
rngVersion,#REF!,#REF!
sum_specialty_non_brand_formulary_plan_paid_amt_prior,#REF!,#REF!
Product_52_members,#REF!,#REF!
num_brand_singlesource_claims_prior,#REF!,#REF!
Rx_female_mem_45_64_curr,#REF!,#REF!
aex_Amb_Tier2_paid_amt_10_curr,#REF!,#REF!
aex_inp_Tier1_days_09_curr,#REF!,#REF!
aex_Amb_OON_paid_amt_12_curr,#REF!,#REF!
TargetTaxRate,#REF!,#REF!
FDP_170_1_aDrv,#REF!,#REF!
aex_inp_Tier3_days_11_curr,#REF!,#REF!
SI_Executive_Summary_Page,#REF!,#REF!
DA_Capitation_Range,#REF!,#REF!
_bdm.A835AB8BC6DC49ACA93174F81142BACB.edm,#REF!,#REF!
NetIncGrowth,#REF!,#REF!
Med_MDC_cd_23_prior,#REF!,#REF!
aex_Med_MDC_cd_15_curr,#REF!,#REF!
AHF_Medical_by_Member_Range,#REF!,#REF!
Product_70_members,#REF!,#REF!
AHF_Med_fund_paid_amt_prim_phys_curr,#REF!,#REF!
ahf_total_cr_year_initial_fund_curr,#REF!,#REF!
FDP_150_1_aUrv,#REF!,#REF!
FOV_51_Range,#REF!,#REF!
Med_MDC_days_00_prior,#REF!,#REF!
Rx_male_mem_0_19_prior,#REF!,#REF!
ahf_termed_tier4_emp_74_50_spend_curr,#REF!,#REF!
MDC_Analysis_Medical_Range,#REF!,#REF!
eqvlow,#REF!,#REF!
BOB_Med_MDC_claimants_03_curr,#REF!,#REF!
NumberOfSubGroupsSelected,#REF!,#REF!
Med_MDC_cd_22_prior,#REF!,#REF!
_Low7,#REF!,#REF!
adf_termed_tier3_Incentive_fund_earned_curr,#REF!,#REF!
Product_46_delete_prior,#REF!,#REF!
BOB_Med_MDC_paid_20_curr,#REF!,#REF!
Med_paid_amt_home_health_prior,#REF!,#REF!
aex_inp_Tier1_days_11_curr,#REF!,#REF!
Extra_Pay,#REF!,#REF!
Medicare_Billed_female_mem_85_over_curr,#REF!,#REF!
Med_inp_billed_network_prior,#REF!,#REF!
Med_male_mem_0_19_curr,#REF!,#REF!
aex_Tier1_Util_spec_off_visits_curr,#REF!,#REF!
Dental_num_employees_prior,#REF!,#REF!
Med_MDC_claimants_08_prior,#REF!,#REF!
Med_MDC_days_17_prior,#REF!,#REF!
BOB_Med_MDC_inp_paid_18_curr,#REF!,#REF!
FDP_193_1_aUdv,#REF!,#REF!
sum_specialty_claims_prior,#REF!,#REF!
BOB_Rx_num_employees_prior,#REF!,#REF!
ahf_act_emp_plus_2_fund_paid_curr,#REF!,#REF!
BOB_Rx_female_mem_0_19_curr,#REF!,#REF!
BOB_Rx_unknown_mem_45_64_prior,#REF!,#REF!
Med_paid_amt_male_65_over_curr,#REF!,#REF!
adf_total_termd_cr_clm_paid_with_rollover_funds_curr,#REF!,#REF!
num_util_members_class_H_curr,#REF!,#REF!
num_rx_claims_brand_mod_curr,#REF!,#REF!
_bdm.BD31A80AEEEA484CB8BF6204D87FC893.edm,#REF!,#REF!
Dental_female_mem_0_19_prior,#REF!,#REF!
sum_paid_class_I_prior,#REF!,#REF!
Med_paid_amt_misc_med_curr,#REF!,#REF!
sum_calcing_cost_amt_brand_mod_curr,#REF!,#REF!
Med_MDC_days_04_prior,#REF!,#REF!
aex_OON_Util_med_services_visits_curr,#REF!,#REF!
__123Graph_APRINCIPAL,#REF!,#REF!
aex_Amb_OON_paid_amt_19_curr,#REF!,#REF!
Med_unknown_mem_0_19_prior,#REF!,#REF!
_bdm.B7DFBD22485E47999D366578A653E092.edm1,#REF!,#REF!
dental_deductible_in_network_curr,#REF!,#REF!
FDP_46_1_aSrv,#REF!,#REF!
BOB_Med_paid_amt_er_visits_prior,#REF!,#REF!
XRefCopy1Row,#REF!,#REF!
aex_Amb_Tier1_claimants_03_curr,#REF!,#REF!
num_retail_generic_claims_prior,#REF!,#REF!
FDP_187_1_aUdv,#REF!,#REF!
_bdm.C7B3922953C6426985C1620C7A3C7EDA.edm,#REF!,#REF!
num_util_members_class_E_prior,#REF!,#REF!
Scheduled_Extra_Payments,#REF!,#REF!
IP_MDC_Analysis_Medical_Range,#REF!,#REF!
mdc_na_bob_column2,#REF!,#REF!
StockExch,#REF!,#REF!
Med_MDC_claimants_10_prior,#REF!,#REF!
_Low5,#REF!,#REF!
_Regression_Out,#REF!,#REF!
aex_tier3_utlilization_tot_curr,#REF!,#REF!
sum_retail_calc_ing_cost_amt_curr,#REF!,#REF!
_s3,#REF!,#REF!
ahf_termed_tier1_rollover_fund_remaining_curr,#REF!,#REF!
num_util_members_class_O_curr,#REF!,#REF!
Med_MDC_admits_20_curr,#REF!,#REF!
_bdm.0F288D482B984B9FB7CF701B327B593C.edm,#REF!,#REF!
Med_MDC_cd_12_curr,#REF!,#REF!
CashPer,#REF!,#REF!
FDP_179_1_aUrv,#REF!,#REF!
BH_BOB_Rx_female_mem_20_44_curr,#REF!,#REF!
XRefPaste4,#REF!,#REF!
aex_Med_MDC_cd_08_curr,#REF!,#REF!
dental_major_in_network_prior,#REF!,#REF!
sum_salestax_amt_brand_specialty_prior,#REF!,#REF!
_bdm.08E312EE87AF4A9AB99D50EAD73C1121.edm,#REF!,#REF!
Med_MDC_amb_paid_18_curr,#REF!,#REF!
Rx_AHF_male_mem_45_64_curr,#REF!,#REF!
aex_Med_MDC_cd_22_curr,#REF!,#REF!
IQRCompsAR154,#REF!,#REF!
HPD_total_population_curr,#REF!,#REF!
aex_Amb_Tier1_claimants_12_curr,#REF!,#REF!
_MUM2,#REF!,#REF!
_MUM12,#REF!,#REF!
Med_billed_amt_male_0_19_curr,#REF!,#REF!
Product_50_delete_prior,#REF!,#REF!
ahf_tier3_cr_clm_paid_with_rollover_funds_curr,#REF!,#REF!
XRefPaste6Row,#REF!,#REF!
TBV,#REF!,#REF!
sum_specialty_non_brand_formulary_copay_amt_curr,#REF!,#REF!
Med_MDC_claimants_05_curr,#REF!,#REF!
Rx_AHF_male_mem_20_44_curr,#REF!,#REF!
Dental_employee_paid_amt_prior,#REF!,#REF!
AHF_Med_avg_age_members_prior,#REF!,#REF!
aex_inp_Tier2_admits_16_curr,#REF!,#REF!
AHF_Med_unknown_mem_45_64_prior,#REF!,#REF!
_s6,#REF!,#REF!
MDC_CD_03,#REF!,#REF!
Header_Row,#REF!,#REF!
IQRSheet2A10,#REF!,#REF!
DA,#REF!,#REF!
BOB_Med_allowed_amt_prior,#REF!,#REF!
BOB_Med_MDC_days_22_curr,#REF!,#REF!
FDP_28_1_aUrv,#REF!,#REF!
XRefPaste4Row,#REF!,#REF!
FDP_283_1_aSrv,#REF!,#REF!
ahf_termed_tier2_emp_100_spend_curr,#REF!,#REF!
FI_Key_Stats_Number_of_Employees,#REF!,#REF!
aex_inp_Tier1_days_06_curr,#REF!,#REF!
BOB_Med_MDC_claimants_11_curr,#REF!,#REF!
Med_MDC_days_23_curr,#REF!,#REF!
Med_MDC_inp_billed_13_curr,#REF!,#REF!
sum_paid_class_F_prior,#REF!,#REF!
Med_MDC_days_11_curr,#REF!,#REF!
Med_MDC_cd_08_curr,#REF!,#REF!
ItemLabel4,#REF!,#REF!
aex_Tier1_paid_amt_inp_surgeries_curr,#REF!,#REF!
num_claims_class_OTHER_curr,#REF!,#REF!
sum_svc_copay_amt_mac_retail_prior,#REF!,#REF!
BH_BOB_Med_unknown_members_curr,#REF!,#REF!
_Table2_Out,#REF!,#REF!
BOB_Rx_avg_age_members_prior,#REF!,#REF!
Product_10_delete_prior,#REF!,#REF!
adf_termed_tier1_cr_fund_remaining_curr,#REF!,#REF!
aex_Amb_OON_claimants_21_curr,#REF!,#REF!
AHF_Med_er_visits_count_curr,#REF!,#REF!
_bdm.726808AF6ACB495FA1B21036DFA75F1F.edm,#REF!,#REF!
Med_admit_count_prior,#REF!,#REF!
aex_Tier2_paid_amt_amb_surgeries_curr,#REF!,#REF!
__s6,#REF!,#REF!
Med_paid_amt_unknown_45_64_curr,#REF!,#REF!
_bdm.9ECB63A12E9F4B9C88C18E0F4ACCFD11.edm,#REF!,#REF!
Med_count_home_health_prior,#REF!,#REF!
ahf_termed_tier2_rollover_pr_year_curr,#REF!,#REF!
BOB_Med_days_count_prior,#REF!,#REF!
aex_inp_Tier1_admits_23_curr,#REF!,#REF!
ItemLabel5,#REF!,#REF!
adf_tier3_emp_24_1_spend_curr,#REF!,#REF!
BOB_Med_female_members_curr,#REF!,#REF!
_bdm.206C2D94AA3711D6B64A0010A494EFA8.edm,#REF!,#REF!
TargNum,#REF!,#REF!
aex_inp_Tier3_paid_amt_13_curr,#REF!,#REF!
Med_inp_paid_amt_prior,#REF!,#REF!
IntInc,#REF!,#REF!
Med_MDC_claimants_13_curr,#REF!,#REF!
AHF_Med_paid_amt_medical_rx_curr,#REF!,#REF!
Med_MDC_admits_09_curr,#REF!,#REF!
EquityValue,#REF!,#REF!
aex_inp_Tier1_admits_03_curr,#REF!,#REF!
ahf_tier4_emp_99_75_spend_curr,#REF!,#REF!
AHF_Med_claim_count_male_65_over_curr,#REF!,#REF!
ConvDebt2,#REF!,#REF!
Med_MDC_admits_11_prior,#REF!,#REF!
rngPassword,#REF!,#REF!
Med_MDC_claimants_04_curr,#REF!,#REF!
Med_months_curr,#REF!,#REF!
_EPS02,#REF!,#REF!
BOB_Med_MDC_claimants_02_curr,#REF!,#REF!
Med_MDC_claimants_17_curr,#REF!,#REF!
BOB_Med_MDC_amb_paid_19_curr,#REF!,#REF!
FDP_134_1_aUrv,#REF!,#REF!
considstock,#REF!,#REF!
Med_billed_amt_female_65_over_curr,#REF!,#REF!
dental_not_medically_necess_in_network_prior,#REF!,#REF!
FDP_119_1_aUrv,#REF!,#REF!
Med_MDC_paid_20_curr,#REF!,#REF!
Med_claim_count_unknown_65_over_curr,#REF!,#REF!
Report_Criteria_Home,#REF!,#REF!
IQRCOMPANYBAP89,#REF!,#REF!
AHF_Med_female_mem_0_19_prior,#REF!,#REF!
IQRCompsAS183,#REF!,#REF!
Adam_premium_amt_curr,#REF!,#REF!
Run_Date,#REF!,#REF!
BOB_Med_MDC_inp_paid_14_curr,#REF!,#REF!
Med_inp_paid_amt_above_threshold_prior,#REF!,#REF!
num_claims_class_A_curr,#REF!,#REF!
Med_female_mem_20_44_prior,#REF!,#REF!
dental_tot_mbr_type_out_network_curr,#REF!,#REF!
AHF_Med_emp_paid_amt_unknown_0_19_curr,#REF!,#REF!
Med_paid_amt_er_visits_curr,#REF!,#REF!
sum_paid_class_J_curr,#REF!,#REF!
__MUM2,#REF!,#REF!
aex_inp_Tier3_days_08_curr,#REF!,#REF!
DAEnd,#REF!,#REF!
FDP_50_1_aUrv,#REF!,#REF!
Rx_AHF_months_curr,#REF!,#REF!
Med_prior_employees,#REF!,#REF!
Med_MDC_inp_paid_11_curr,#REF!,#REF!
_bdm.7BF116DE38A64470B4E18265DDE92DC0.edm,#REF!,#REF!
SGAMargin,#REF!,#REF!
aex_inp_OON_paid_amt_15_curr,#REF!,#REF!
Prov_net_total_admits_prior,#REF!,#REF!
FDP_70_1_aUrv,#REF!,#REF!
num_claims_class_N_curr,#REF!,#REF!
aex_Amb_Tier3_paid_amt_11_curr,#REF!,#REF!
Stat3,#REF!,#REF!
Dental_paid_amt_unknown_20_44_prior,#REF!,#REF!
rngShow,#REF!,#REF!
Med_MDC_billed_13_curr,#REF!,#REF!
Rx_female_mem_20_44_curr,#REF!,#REF!
aex_Amb_Tier1_paid_amt_07_curr,#REF!,#REF!
aex_Med_MDC_cd_01_curr,#REF!,#REF!
FDP_36_1_aUrv,#REF!,#REF!
considcash,#REF!,#REF!
PVOther,#REF!,#REF!
Product_47_members,#REF!,#REF!
Med_paid_amt_mental_health_prior,#REF!,#REF!
aex_inp_Tier2_days_16_curr,#REF!,#REF!
BOB_Med_paid_amt_amb_visits_curr,#REF!,#REF!
Date,#REF!,#REF!
ahf_member_cnt_unknown_45_64_curr,#REF!,#REF!
FDP_282_1_aSrv,#REF!,#REF!
AHF_Med_num_employees_prior,#REF!,#REF!
AHF_Med_paid_amt_female_45_64_curr,#REF!,#REF!
FDP_127_1_aUrv,#REF!,#REF!
sum_awp_amt_brand_specialty_prior,#REF!,#REF!
FDP_194_1_aUdv,#REF!,#REF!
Med_inp_billed_amt_curr,#REF!,#REF!
Number_of_Payments,#REF!,#REF!
dental_coinsurance_copay_out_network_curr,#REF!,#REF!
ahf_ahf_paid_amt_female_20_44_curr,#REF!,#REF!
NO_AEXCEL_BOB_DATA,#REF!,#REF!
Med_MDC_billed_03_prior,#REF!,#REF!
AHF_Med_male_members_curr,#REF!,#REF!
PoolingPt,#REF!,#REF!
aex_Tier1_Util_med_rx_curr,#REF!,#REF!
FDP_3_1_aUrv,#REF!,#REF!
ciq_meta_info_5f13325db66446838a4ef16c68e374f4,#REF!,#REF!
sum_svc_copay_amt_mac_retail_curr,#REF!,#REF!
MDC_Range_I7_S8,#REF!,#REF!
Former,#REF!,#REF!
sum_salestax_amt_mac_mod_curr,#REF!,#REF!
adf_total_termd_cr_claim_paid_with_cr_funds_curr,#REF!,#REF!
_bdm.1D220B6B5B164370A3CF21AC7A43A0CE.edm,#REF!,#REF!
BOB_Med_MDC_inp_paid_16_curr,#REF!,#REF!
aex_inp_OON_days_12_curr,#REF!,#REF!
Enterprise,#REF!,#REF!
Med_MDC_cd_07_curr,#REF!,#REF!
mod_claims_curr,#REF!,#REF!
Util_Proc_Dental_Range,#REF!,#REF!
sum_awp_amt_non_mac_mod_curr,#REF!,#REF!
sum_mod_generic_copay_amt_curr,#REF!,#REF!
DA_Accumulator_Range,#REF!,#REF!
BOB_Med_MDC_paid_18_curr,#REF!,#REF!
TotalDebt,#REF!,#REF!
BOB_Med_paid_amt_amb_visits_prior,#REF!,#REF!
Med_MDC_inp_billed_16_prior,#REF!,#REF!
BOB_Med_cob_amt_curr,#REF!,#REF!
dent_net_avg_sub_charges_ppo_cust_spec_ntwk_prior,#REF!,#REF!
Med_MDC_claimants_12_curr,#REF!,#REF!
BOB_Rx_male_mem_20_44_prior,#REF!,#REF!
aex_Amb_Tier2_paid_amt_16_curr,#REF!,#REF!
IQRCompsAX241,#REF!,#REF!
Med_male_mem_20_44_prior,#REF!,#REF!
BOB_Med_MDC_inp_paid_999_curr,#REF!,#REF!
Med_MDC_inp_paid_999_curr,#REF!,#REF!
TargTrig,#REF!,#REF!
Med_billed_amt_male_20_44_curr,#REF!,#REF!
Medicare_Billed_male_mem_85_over_curr,#REF!,#REF!
aex_inp_Tier3_days_09_curr,#REF!,#REF!
BOB_Med_admit_count_prior,#REF!,#REF!
aex_Amb_OON_paid_amt_22_curr,#REF!,#REF!
BOB_num_brand_multisource_claims_prior,#REF!,#REF!
BOB_Med_num_employees_prior,#REF!,#REF!
BOB_Med_MDC_admits_12_curr,#REF!,#REF!
aex_tier1_paid_amt_tot_curr,#REF!,#REF!
Med_male_mem_20_44_curr,#REF!,#REF!
ahf_paid_amt_male_65_over_curr,#REF!,#REF!
adf_termed_tier2_emp_0_spend_curr,#REF!,#REF!
Med_avg_age_members_curr,#REF!,#REF!
aex_inp_Tier2_admits_10_curr,#REF!,#REF!
Med_MDC_days_08_curr,#REF!,#REF!
FDP_190_1_aUdv,#REF!,#REF!
aex_Amb_Tier3_paid_amt_02_curr,#REF!,#REF!
AHF_Med_inp_paid_amt_curr,#REF!,#REF!
_bdm.A9433F36D27E42998843D0702B3398CD.edm,#REF!,#REF!
gpi_name_class_N_prior,#REF!,#REF!
Med_MDC_paid_03_prior,#REF!,#REF!
aex_Tier1_paid_amt_amb_surgeries_curr,#REF!,#REF!
Med_hospital_paid_amt_prior,#REF!,#REF!
AHF_Med_allowed_amt_unknown_0_19_curr,#REF!,#REF!
__123Graph_F,#REF!,#REF!
HPD_bob_prevalence_coronary_artery_disease_prior,#REF!,#REF!
ahf_bnft_plan_paid_amt_female_65_over_curr,#REF!,#REF!
ADF_Activity_Detail_Range,#REF!,#REF!
GrossProfit,#REF!,#REF!
ahf_tier2_cr_claim_paid_with_cr_funds_curr,#REF!,#REF!
ahf_total_active_employee_curr,#REF!,#REF!
dental_plan_max_out_network_curr,#REF!,#REF!
HPD_number_claimants_heart_failure_curr,#REF!,#REF!
Med_count_other_prior,#REF!,#REF!
FOV_70_Range,#REF!,#REF!
IQRCompsAY154,#REF!,#REF!
aex_Tier1_paid_amt_inp_days_curr,#REF!,#REF!
__MUM27,#REF!,#REF!
aex_Amb_Tier3_paid_amt_18_curr,#REF!,#REF!
dental_orthodontic_in_network_prior,#REF!,#REF!
BOB_Med_MDC_claimants_05_curr,#REF!,#REF!
NO_BH_BOB_Data,#REF!,#REF!
__123Graph_CChart1,#REF!,#REF!
aex_Amb_Tier2_paid_amt_05_curr,#REF!,#REF!
aex_Amb_Tier3_paid_amt_15_curr,#REF!,#REF!
BOB_Med_paid_amt_above_threshold_prior,#REF!,#REF!
FI_Key_Stats_Footnote3_Range,#REF!,#REF!
sum_calcing_cost_amt_mac_specialty_prior,#REF!,#REF!
Med_MDC_billed_13_prior,#REF!,#REF!
Med_MDC_claimants_19_curr,#REF!,#REF!
ahf_bnft_plan_paid_amt_total_prior,#REF!,#REF!
Med_MDC_inp_paid_22_prior,#REF!,#REF!
Aetna_PPO_II_Ntwk_Exp_PPO_Max_Sav_Neg_Arrang,#REF!,#REF!
Dental_paid_amt_unknown_65_over_curr,#REF!,#REF!
FDP_143_1_aUrv,#REF!,#REF!
XRefPaste3,#REF!,#REF!
Med_count_er_visits_prior,#REF!,#REF!
BOB_Med_MDC_days_05_curr,#REF!,#REF!
DebtShares1,#REF!,#REF!
ahf_ahf_paid_amt_total_0_19_curr,#REF!,#REF!
IQRStockChartFL11,#REF!,#REF!
AHF_Med_paid_amt_unknown_65_over_curr,#REF!,#REF!
_Table3_In2,#REF!,#REF!
Dental_preventative_paid_amt_curr,#REF!,#REF!
Medicare_Billed_male_mem_80_84_curr,#REF!,#REF!
DebtShares2,#REF!,#REF!
ahf_termed_tier2_emp_74_50_spend_curr,#REF!,#REF!
aex_Tier3_paid_amt_amb_visits_curr,#REF!,#REF!
Med_billed_amt_med_rx_curr,#REF!,#REF!
AHF_Med_primary_office_visits_count_curr,#REF!,#REF!
aex_Amb_OON_paid_amt_24_curr,#REF!,#REF!
aex_Amb_Tier3_paid_amt_17_curr,#REF!,#REF!
aex_Med_MDC_cd_11_curr,#REF!,#REF!
sum_specialty_prof_fee_amt_prior,#REF!,#REF!
BOB_Med_MDC_cd_02_curr,#REF!,#REF!
num_claims_class_J_curr,#REF!,#REF!
Med_billed_amt_female_65_over_prior,#REF!,#REF!
FDP_109_1_aUrv,#REF!,#REF!
Cap_capitation_amt_curr,#REF!,#REF!
sum_salestax_amt_mac_mod_prior,#REF!,#REF!
prior_yyyymmdd_incurred_end_date,#REF!,#REF!
sum_calcing_cost_amt_mac_retail_curr,#REF!,#REF!
SI_EXEC_SUMMARY_RANGE_ROW71_ROW82,#REF!,#REF!
Dental_major_svcs_curr,#REF!,#REF!
FDP_72_1_aUrv,#REF!,#REF!
COGS,#REF!,#REF!
Item9,#REF!,#REF!
Med_MDC_billed_15_prior,#REF!,#REF!
dent_sav_frm_negot_arrangements_ppo_aetna_spec_ntwk_prior,#REF!,#REF!
adf_total_emp_49_25_spend_curr,#REF!,#REF!
Dental_paid_amt_female_65_over_prior,#REF!,#REF!
IQRCompsAR241,#REF!,#REF!
Aexcel_Demographics_Headings2,#REF!,#REF!
Product_68_delete_prior,#REF!,#REF!
formulary_curr,#REF!,#REF!
_Table1_Out,#REF!,#REF!
FDP_52_1_aSrv,#REF!,#REF!
aex_inp_Tier1_paid_amt_19_curr,#REF!,#REF!
num_mod_brand_formulary_claims_curr,#REF!,#REF!
Med_male_mem_65_over_curr,#REF!,#REF!
__MUM20,#REF!,#REF!
_bdm.0E72569B534E450BBDD4D4C08A228512.edm,#REF!,#REF!
Med_paid_amt_rad_serv_prior,#REF!,#REF!
_bdm.CF26F181CFB149089A150B6E9984E88F.edm,#REF!,#REF!
Med_MDC_inp_billed_08_curr,#REF!,#REF!
ExchRatio,#REF!,#REF!
aex_inp_OON_admits_01_curr,#REF!,#REF!
sum_salestax_amt_brand_mod_prior,#REF!,#REF!
Med_MDC_paid_10_prior,#REF!,#REF!
aex_inp_OON_admits_06_curr,#REF!,#REF!
Product_46_members,#REF!,#REF!
XRefCopy1,#REF!,#REF!
Aetna_PPO_Ntwk_Exp_PPO_Sav_Neg_Arrang,#REF!,#REF!
BOB_sum_paid_curr,#REF!,#REF!
BOB_Med_MDC_amb_paid_01_curr,#REF!,#REF!
Product_54_members,#REF!,#REF!
ciq_meta_info_33b0280c11c34f608c00c84f25d862cf,#REF!,#REF!
sum_paid_prior,#REF!,#REF!
BOB_Rx_num_members_prior,#REF!,#REF!
IQRMediaCompTemplate2V8,#REF!,#REF!
medical_sort2,#REF!,#REF!
Med_billed_amt_male_0_19_prior,#REF!,#REF!
aex_inp_Tier1_admits_04_curr,#REF!,#REF!
paid_female_45_64_prior,#REF!,#REF!
aex_Amb_OON_paid_amt_15_curr,#REF!,#REF!
aex_Amb_OON_paid_amt_21_curr,#REF!,#REF!
CopySumH02,#REF!,#REF!
FDP_31_1_aUrv,#REF!,#REF!
AHF_Med_paid_amt_medical_misc_curr,#REF!,#REF!
rngComments,#REF!,#REF!
Med_MDC_days_04_curr,#REF!,#REF!
FDP_102_1_aUrv,#REF!,#REF!
AHF_Med_allowed_amt_female_0_19_curr,#REF!,#REF!
BOB_Rx_months_prior,#REF!,#REF!
Med_MDC_amb_paid_999_prior,#REF!,#REF!
BOB_Med_MDC_paid_999_curr,#REF!,#REF!
num_rx_claims_brand_specialty_curr,#REF!,#REF!
aex_Tier1_Util_inp_days_curr,#REF!,#REF!
Med_MDC_amb_paid_13_curr,#REF!,#REF!
adf_termed_tier4_emp_99_75_spend_curr,#REF!,#REF!
sum_paid_class_E_curr,#REF!,#REF!
dent_sav_frm_negot_arrangements_ppo_cust_spec_ntwk_curr,#REF!,#REF!
BOB_num_util_members_curr,#REF!,#REF!
Med_count_misc_med_prior,#REF!,#REF!
BOB_num_cross_brand_claims_curr,#REF!,#REF!
med_cost_space_range1,#REF!,#REF!
Med_billed_amt_male_45_64_curr,#REF!,#REF!
Med_amb_paid_amt_prior,#REF!,#REF!
Hospital_Profile_Medical_Range,#REF!,#REF!
Med_MDC_inp_billed_03_curr,#REF!,#REF!
FI_Key_Stats_Footnote2_Range,#REF!,#REF!
datarange3,#REF!,#REF!
num_util_members_class_P_prior,#REF!,#REF!
MDC_Row9_Range,#REF!,#REF!
HPD_paid_amt_total_prior,#REF!,#REF!
aex_Amb_Tier1_claimants_14_curr,#REF!,#REF!
Dental_paid_amt_male_65_over_prior,#REF!,#REF!
Med_female_mem_65_over_curr,#REF!,#REF!
aex_inp_Tier2_paid_amt_08_curr,#REF!,#REF!
ahf_term_emp_plus_fam_fund_paid_curr,#REF!,#REF!
Med_female_members_prior,#REF!,#REF!
Provider_Network_Exp_Dental_Range,#REF!,#REF!
Dental_services_other_prior,#REF!,#REF!
IQRCompsAY241,#REF!,#REF!
Loan_Start,#REF!,#REF!
Dental_cost_share_deductible_amt_curr,#REF!,#REF!
Med_MDC_cd_05_prior,#REF!,#REF!
aex_Amb_Tier2_claimants_22_curr,#REF!,#REF!
Med_claim_count_unknown_45_64_curr,#REF!,#REF!
adf_tier3_rollover_fund_remaining_curr,#REF!,#REF!
EVEBITDA,#REF!,#REF!
ahf_calc_ing_cost_amt_male_20_44_curr,#REF!,#REF!
aex_inp_OON_days_07_curr,#REF!,#REF!
Template2,#REF!,#REF!
NetDebtEBITDA,#REF!,#REF!
Med_MDC_inp_paid_12_prior,#REF!,#REF!
Medic_male_mem_75_79_curr,#REF!,#REF!
Med_MDC_paid_12_prior,#REF!,#REF!
FDP_126_1_aUrv,#REF!,#REF!
BOB_num_non_formulary_claims_prior,#REF!,#REF!
Med_MDC_cd_23_curr,#REF!,#REF!
Med_MDC_paid_15_prior,#REF!,#REF!
dental_children_in_network_curr,#REF!,#REF!
Med_MDC_paid_07_prior,#REF!,#REF!
SI_SBP_product_count,#REF!,#REF!
aex_inp_Tier1_days_13_curr,#REF!,#REF!
ahf_ahf_paid_amt_male_0_19_curr,#REF!,#REF!
_bdm.9B27B749CAE34269875494A45EADFC70,#REF!,#REF!
BOB_Med_paid_amt_amb_surgeries_prior,#REF!,#REF!
aex_Tier1_Util_primary_off_visits_curr,#REF!,#REF!
Med_MDC_claimants_14_curr,#REF!,#REF!
aex_inp_OON_paid_amt_14_curr,#REF!,#REF!
sum_awp_amt_mac_retail_curr,#REF!,#REF!
aex_inp_Tier2_days_13_curr,#REF!,#REF!
aex_Tier1_paid_amt_med_services_visits_curr,#REF!,#REF!
aex_inp_Tier3_admits_23_curr,#REF!,#REF!
BOB_Rx_unknown_members_curr,#REF!,#REF!
dental_non_covered_serv_out_network_prior,#REF!,#REF!
aex_Amb_Tier2_claimants_20_curr,#REF!,#REF!
BOB_Med_MDC_claimants_12_curr,#REF!,#REF!
BOB_Med_er_visits_count_prior,#REF!,#REF!
Med_MDC_inp_paid_14_curr,#REF!,#REF!
dental_other_out_network_prior,#REF!,#REF!
ahf_termed_tier3_Incentive_fund_earned_curr,#REF!,#REF!
Med_MDC_inp_paid_10_curr,#REF!,#REF!
AVG_CPM,#REF!,#REF!
Med_MDC_claimants_16_prior,#REF!,#REF!
aex_inp_Tier3_admits_11_curr,#REF!,#REF!
adf_termed_tier4_cr_fund_remaining_curr,#REF!,#REF!
RiskFreeRate,#REF!,#REF!
adf_termed_tier1_emp_100_spend_curr,#REF!,#REF!
EVEBITDA1,#REF!,#REF!
ConvPref2,#REF!,#REF!
sum_salestax_amt_mac_retail_prior,#REF!,#REF!
Med_copay_amt_prior,#REF!,#REF!
Medic_male_mem_70_74_prior,#REF!,#REF!
Med_surgery_count_prior,#REF!,#REF!
Med_amb_surgery_count_curr,#REF!,#REF!
FDP_192_1_aUdv,#REF!,#REF!
Med_billed_amt_er_visits_curr,#REF!,#REF!
Data_Availability_Summary_Home,#REF!,#REF!
Med_MDC_days_09_prior,#REF!,#REF!
EBITDAC,#REF!,#REF!
Med_total_par_r_c_savings_amt_curr,#REF!,#REF!
Med_MDC_inp_billed_01_curr,#REF!,#REF!
allsicempty,#REF!,#REF!
Rx_AHF_avg_age_members_prior,#REF!,#REF!
HPD_bob_prevalence_low_back_prior,#REF!,#REF!
AHF_Med_paid_amt_unknown_0_19_curr,#REF!,#REF!
aex_Tier3_Util_mental_health_visits_curr,#REF!,#REF!
Med_MDC_amb_billed_22_prior,#REF!,#REF!
Med_coinsurance_amt_curr,#REF!,#REF!
aex_inp_Tier1_days_10_curr,#REF!,#REF!
BOB_num_formulary_claims_prior,#REF!,#REF!
NO_Member_Data,#REF!,#REF!
num_claims_class_H_prior,#REF!,#REF!
Aetna_PPO_II_Ntwk_Exp_PPO_Sav_Neg_Arrang,#REF!,#REF!
PretaxIncMargin,#REF!,#REF!
IncStartDatePrior,#REF!,#REF!
Number_of_Prior_FI_Products,#REF!,#REF!
Demographics_FI_Community_Medicare_cust_age_gen_Graph_range,#REF!,#REF!
aex_Amb_Tier3_claimants_16_curr,#REF!,#REF!
curr_yyyymmdd_processed_end_date,#REF!,#REF!
ahf_term_emp_fund_paid_curr,#REF!,#REF!
rngProtected,#REF!,#REF!
num_util_members_class_Q_prior,#REF!,#REF!
Med_billed_amt_female_20_44_curr,#REF!,#REF!
Product_56_delete_prior,#REF!,#REF!
aex_inp_OON_admits_17_curr,#REF!,#REF!
aex_inp_Tier3_paid_amt_03_curr,#REF!,#REF!
MDC_CD_00,#REF!,#REF!
specialty_paid_amt_curr,#REF!,#REF!
dent_net_avg_sub_charges_ppo_aetna_ppo_ntwk_curr,#REF!,#REF!
rngUID,#REF!,#REF!
Year3,#REF!,#REF!
Product_14_delete_prior,#REF!,#REF!
FOV_75_Range,#REF!,#REF!
Med_MDC_admits_12_prior,#REF!,#REF!
sum_paid_class_E_prior,#REF!,#REF!
Med_unknown_mem_65_over_prior,#REF!,#REF!
sic3low,#REF!,#REF!
ahf_member_cnt_male_0_19_curr,#REF!,#REF!
ahf_termed_tier4_emp_49_25_spend_curr,#REF!,#REF!
aex_Amb_Tier3_claimants_08_curr,#REF!,#REF!
Med_billed_amt_unknown_20_44_prior,#REF!,#REF!
BOB_Med_surgery_count_curr,#REF!,#REF!
dent_sav_frm_negot_arrangements_ppo_cust_spec_ntwk_prior,#REF!,#REF!
Med_paid_amt_med_rx_prior,#REF!,#REF!
rngPivotLocation,#REF!,#REF!
Delete,#REF!,#REF!
_bdm.43639E5E795A4549B421CDD123CF920D.edm,#REF!,#REF!
aex_inp_Tier3_admits_17_curr,#REF!,#REF!
AHF_Med_surgery_count_prior,#REF!,#REF!
aex_Tier3_paid_amt_radiology_services_curr,#REF!,#REF!
Med_MDC_amb_paid_19_prior,#REF!,#REF!
Med_count_rad_serv_prior,#REF!,#REF!
gpi_name_class_C_curr,#REF!,#REF!
ciq_meta_info_817f5b35d597429287889ef2e1c3c2b9,#REF!,#REF!
_Low4,#REF!,#REF!
Product_99_members,#REF!,#REF!
Rx_AHF_male_mem_0_19_curr,#REF!,#REF!
Med_MDC_cd_09_curr,#REF!,#REF!
FYE2Other1,#REF!,#REF!
ahf_tier2_cr_fund_remaining_curr,#REF!,#REF!
FDP_77_1_aUrv,#REF!,#REF!
ciq_meta_info_12fe3978cde7498c8312ae0151ede6f4,#REF!,#REF!
FDP_94_1_aSrv,#REF!,#REF!
Med_MDC_claimants_999_curr,#REF!,#REF!
Med_count_encounter_spec_phys_prior,#REF!,#REF!
Number_of_Current_Subscribers,#REF!,#REF!
Med_count_prim_off_visits_prior,#REF!,#REF!
Investments,#REF!,#REF!
BOB_Dental_paid_amt_prior,#REF!,#REF!
Med_MDC_amb_paid_23_curr,#REF!,#REF!
SI_EXEC_SUMMARY_RANGE_ROW7_ROW83,#REF!,#REF!
Med_billed_amt_rad_serv_prior,#REF!,#REF!
IQRSheet2A11,#REF!,#REF!
CompTaxRate,#REF!,#REF!
Dental_months_curr,#REF!,#REF!
aex_inp_Tier3_paid_amt_07_curr,#REF!,#REF!
_bdm.25A9C63C58E0417DB5AA529D4513182D.edm,#REF!,#REF!
Med_MDC_billed_01_curr,#REF!,#REF!
StatLabel10,#REF!,#REF!
adf_termed_tier4_cr_clm_paid_with_rollover_funds_curr,#REF!,#REF!
PrefShares1,#REF!,#REF!
Rx_male_mem_65_over_prior,#REF!,#REF!
aex_inp_Tier2_admits_22_curr,#REF!,#REF!
_MUM24,#REF!,#REF!
FDP_24_1_aDrv,#REF!,#REF!
o,#REF!,#REF!
num_util_members_class_C_prior,#REF!,#REF!
BOB_Med_MDC_inp_paid_00_curr,#REF!,#REF!
FDP_206_1_aDrv,#REF!,#REF!
Check_Template_Type,#REF!,#REF!
FDP_68_1_aSrv,#REF!,#REF!
__s5,#REF!,#REF!
Dental_orthodonic_paid_amt_prior,#REF!,#REF!
TransTrig,#REF!,#REF!
QueryResults,#REF!,#REF!
adf_termed_tier3_emp_49_25_spend_curr,#REF!,#REF!
sum_brand_singlesource_copay_prior,#REF!,#REF!
aex_oon_utlilization_tot_prior,#REF!,#REF!
IQRCompsAT154,#REF!,#REF!
Rx_Key_Statistics_Range,#REF!,#REF!
Med_count_mental_health_curr,#REF!,#REF!
Product_15_delete_prior,#REF!,#REF!
ahf_tier2_active_employee_curr,#REF!,#REF!
Med_MDC_inp_billed_18_curr,#REF!,#REF!
AHF_Med_fund_paid_amt_lab_curr,#REF!,#REF!
LatestFYE,#REF!,#REF!
Rx_AHF_male_members_curr,#REF!,#REF!
_P00comps2,#REF!,#REF!
FDP_101_1_aUrv,#REF!,#REF!
sum_specialty_generic_copay_amt_curr,#REF!,#REF!
Med_MDC_inp_billed_20_curr,#REF!,#REF!
sum_paid_class_Q_prior,#REF!,#REF!
FDP_91_1_aUrv,#REF!,#REF!
aex_inp_Tier3_days_18_curr,#REF!,#REF!
BLPH2,#REF!,#REF!
FI_Executive_Summary_Page_NoData_Text,#REF!,#REF!
Med_MDC_paid_08_prior,#REF!,#REF!
aex_inp_Tier1_paid_amt_16_curr,#REF!,#REF!
sum_prof_fee_amt_brand_mod_prior,#REF!,#REF!
__MUM11,#REF!,#REF!
PrefPrice1,#REF!,#REF!
ne,#REF!,#REF!
dental_freq_limit_in_network_curr,#REF!,#REF!
aex_Amb_Tier2_claimants_05_curr,#REF!,#REF!
SGA,#REF!,#REF!
Med_deductible_amt_prior,#REF!,#REF!
multisource_util_curr,#REF!,#REF!
Med_MDC_inp_paid_19_curr,#REF!,#REF!
paid_female_0_19_curr,#REF!,#REF!
Product_12_delete_prior,#REF!,#REF!
aex_inp_Tier3_paid_amt_06_curr,#REF!,#REF!
Med_MDC_cd_10_prior,#REF!,#REF!
PSUName,#REF!,#REF!
num_rx_claims_mac_specialty_curr,#REF!,#REF!
aex_Tier2_paid_amt_inp_surgeries_curr,#REF!,#REF!
BOB_Med_MDC_admits_00_curr,#REF!,#REF!
Product_40_delete_prior,#REF!,#REF!
HPD_paid_amt_coronary_artery_disease_prior,#REF!,#REF!
adf_total_rollover_pr_year_curr,#REF!,#REF!
Med_MDC_days_19_prior,#REF!,#REF!
AHF_Med_paid_amt_unknown_20_44_curr,#REF!,#REF!
sum_awp_amt_mac_specialty_prior,#REF!,#REF!
aex_inp_Tier2_admits_18_curr,#REF!,#REF!
StatLabel4,#REF!,#REF!
aex_Amb_Tier1_paid_amt_02_curr,#REF!,#REF!
Page1,#REF!,#REF!
adf_termed_tier2_cr_clm_paid_with_rollover_funds_curr,#REF!,#REF!
sum_retail_non_brand_formulary_plan_paid_amt_prior,#REF!,#REF!
sum_paid_class_B_prior,#REF!,#REF!
Rx_months_prior,#REF!,#REF!
TaxRate,#REF!,#REF!
ahf_paid_amt_total_0_19_curr,#REF!,#REF!
sum_retail_non_brand_formulary_copay_amt_prior,#REF!,#REF!
FOV_06_Range,#REF!,#REF!
BH_BOB_Med_male_mem_45_64_curr,#REF!,#REF!
aex_Amb_Tier1_claimants_24_curr,#REF!,#REF!
BOB_Med_MDC_paid_17_curr,#REF!,#REF!
AHF_Med_fund_paid_amt_total_curr,#REF!,#REF!
aex_inp_Tier2_admits_02_curr,#REF!,#REF!
aex_inp_Tier2_days_08_curr,#REF!,#REF!
dental_basic_in_network_prior,#REF!,#REF!
aex_Amb_OON_paid_amt_14_curr,#REF!,#REF!
Med_billed_amt_unknown_45_64_curr,#REF!,#REF!
AHF_Medical_Key_Statistics_Range,#REF!,#REF!
twe,#REF!,#REF!
Med_MDC_billed_14_prior,#REF!,#REF!
High2,#REF!,#REF!
FDP_167_1_aDrv,#REF!,#REF!
FDP_110_1_aUrv,#REF!,#REF!
ahf_tier4_tot_fund_available_curr,#REF!,#REF!
IQRCompsAW241,#REF!,#REF!
ahf_tier4_cr_fund_remaining_curr,#REF!,#REF!
Product_75_delete_prior,#REF!,#REF!
aex_inp_OON_days_10_curr,#REF!,#REF!
Sched_Pay,#REF!,#REF!
Sum_of_Sponsors,#REF!,#REF!
Rx_AHF_male_mem_65_over_curr,#REF!,#REF!
sum_svc_copay_amt_brand_mod_curr,#REF!,#REF!
adf_term_emp_fund_paid_curr,#REF!,#REF!
aex_Tier2_Util_amb_visits_curr,#REF!,#REF!
AHF_Med_paid_amt_male_0_19_curr,#REF!,#REF!
Hospital_Profile_Home,#REF!,#REF!
MDC_Range_Row8,#REF!,#REF!
FOV_74_Range,#REF!,#REF!
dent_net_avg_sub_charges_ppo_max_aetna_ppo_ntwk_prior,#REF!,#REF!
aex_Amb_Tier1_paid_amt_04_curr,#REF!,#REF!
BOB_Med_MDC_inp_paid_06_curr,#REF!,#REF!
PFQ,#REF!,#REF!
Med_MDC_claimants_22_prior,#REF!,#REF!
aex_inp_OON_paid_amt_09_curr,#REF!,#REF!
Med_billed_amt_spec_office_visits_prior,#REF!,#REF!
ahf_medical_expenses_prior,#REF!,#REF!
BOB_Med_paid_amt_spec_office_visits_prior,#REF!,#REF!
Dental_orthodonic_paid_amt_curr,#REF!,#REF!
Demographics_FI_Community_Medicare_Graph_range,#REF!,#REF!
Med_paid_other_curr,#REF!,#REF!
Medicare_Billed_female_mem_65_69_curr,#REF!,#REF!
Med_MDC_paid_999_curr,#REF!,#REF!
FDP_55_1_aUrv,#REF!,#REF!
sic1low,#REF!,#REF!
r.Summary,#REF!,#REF!
Median8,#REF!,#REF!
adf_tier3_cr_fund_remaining_curr,#REF!,#REF!
si_exec_summary_rows71_rows83,#REF!,#REF!
sum_retail_non_brand_formulary_plan_paid_amt_curr,#REF!,#REF!
BOB_Med_unknown_mem_45_64_curr,#REF!,#REF!
Med_MDC_inp_billed_15_curr,#REF!,#REF!
Med_female_mem_20_44_curr,#REF!,#REF!
num_util_members_class_J_curr,#REF!,#REF!
Expenses,#REF!,#REF!
aex_inp_Tier2_paid_amt_10_curr,#REF!,#REF!
aex_inp_OON_admits_08_curr,#REF!,#REF!
Medic_female_mem_0_64_prior,#REF!,#REF!
Med_MDC_cd_14_prior,#REF!,#REF!
Med_amb_paid_amt_curr,#REF!,#REF!
__123Graph_DChart1,#REF!,#REF!
aex_inp_OON_paid_amt_16_curr,#REF!,#REF!
sum_prof_fee_amt_brand_retail_curr,#REF!,#REF!
sum_generic_copay_curr,#REF!,#REF!
Med_MDC_amb_paid_22_prior,#REF!,#REF!
datarange,#REF!,#REF!
Med_hospital_paid_amt_curr,#REF!,#REF!
EnterpriseC,#REF!,#REF!
Med_MDC_billed_999_prior,#REF!,#REF!
aex_Tier3_Util_amb_surgeries_curr,#REF!,#REF!
BOB_Med_paid_amt_office_surgeries_curr,#REF!,#REF!
Med_paid_encounter_lab_rad_curr,#REF!,#REF!
IntA,#REF!,#REF!
_bdm.98A6FF5E6E104127A4B3CE93863956AF.edm,#REF!,#REF!
num_claims_class_Q_prior,#REF!,#REF!
EPSDate,#REF!,#REF!
adf_termed_tier4_cr_claim_paid_with_cr_funds_curr,#REF!,#REF!
num_retail_non_brand_formulary_claims_prior,#REF!,#REF!
ROA,#REF!,#REF!
dental_reason_cust_in_network_curr,#REF!,#REF!
_bdm.79B2F1DABFD2444F88AF3F7C813E64E3.edm,#REF!,#REF!
__MUM30,#REF!,#REF!
Med_MDC_inp_billed_04_curr,#REF!,#REF!
BOB_Med_MDC_admits_16_curr,#REF!,#REF!
RxKeyStats_Footnote_BOB,#REF!,#REF!
Med_billed_amt_rad_serv_curr,#REF!,#REF!
BOB_Med_male_mem_65_over_curr,#REF!,#REF!
aex_inp_Tier3_paid_amt_04_curr,#REF!,#REF!
ciq_meta_info_3bf4e66d0b54447696ed4f687240c164,#REF!,#REF!
paid_male_0_19_curr,#REF!,#REF!
aex_inp_Tier1_paid_amt_15_curr,#REF!,#REF!
Med_billed_amt_female_20_44_prior,#REF!,#REF!
dental_plan_max_out_network_prior,#REF!,#REF!
mi,#REF!,#REF!
adf_termed_tier3_emp_99_75_spend_curr,#REF!,#REF!
AHF_Med_paid_amt_er_curr,#REF!,#REF!
AccPay,#REF!,#REF!
IQRMediaCompTemplateX5,#REF!,#REF!
Med_MDC_cd_03_prior,#REF!,#REF!
sum_prof_fee_amt_mac_retail_curr,#REF!,#REF!
AHF_Med_primary_office_visits_count_prior,#REF!,#REF!
AHF_Med_er_visits_count_prior,#REF!,#REF!
Summary_by_Product_Range,#REF!,#REF!
EVNetInc2,#REF!,#REF!
DivPayoutRatio,#REF!,#REF!
Dental_OON_Footnote,#REF!,#REF!
Med_paid_amt_unknown_20_44_curr,#REF!,#REF!
BOB_Med_MDC_inp_paid_03_curr,#REF!,#REF!
num_claims_prior,#REF!,#REF!
Rx_AHF_female_mem_0_19_prior,#REF!,#REF!
ahf_srv_copay_amt_male_45_64_curr,#REF!,#REF!
medical_sort1,#REF!,#REF!
Med_MDC_amb_paid_12_prior,#REF!,#REF!
ePSM_Rx_Graph_Page,#REF!,#REF!
ahf_paid_amt_male_45_64_curr,#REF!,#REF!
IQRCompsN140,#REF!,#REF!
ciq_meta_info_004e446f9f9e4985a9b75968121974d4,#REF!,#REF!
adf_tier1_emp_24_1_spend_curr,#REF!,#REF!
Product_13_members,#REF!,#REF!
sum_retail_generic_paid_amt_curr,#REF!,#REF!
sic3ok,#REF!,#REF!
Current_Claims_Above_50K_Check,#REF!,#REF!
Med_inp_billed_amt_prior,#REF!,#REF!
sum_awp_amt_mac_specialty_curr,#REF!,#REF!
Med_MDC_amb_paid_03_prior,#REF!,#REF!
dental_deductible_out_network_curr,#REF!,#REF!
m_2,#REF!,#REF!
aex_inp_Tier2_days_22_curr,#REF!,#REF!
AHF_Med_female_mem_0_19_curr,#REF!,#REF!
FDP_147_1_aUrv,#REF!,#REF!
EVNetInc1,#REF!,#REF!
sum_specialty_brand_formulary_copay_amt_prior,#REF!,#REF!
aex_Amb_Tier1_claimants_11_curr,#REF!,#REF!
Number_of_Prior_SI_Products,#REF!,#REF!
FDP_48_1_aUrv,#REF!,#REF!
BOB_Med_paid_amt_inp_surgeries_curr,#REF!,#REF!
BOB_sum_non_formulary_paid_amt_curr,#REF!,#REF!
BookT,#REF!,#REF!
BOB_Med_office_visits_count_prior,#REF!,#REF!
aex_Amb_OON_claimants_22_curr,#REF!,#REF!
Dental_cost_share_allowed_amt_curr,#REF!,#REF!
aex_Amb_Tier2_claimants_23_curr,#REF!,#REF!
Med_MDC_inp_paid_17_curr,#REF!,#REF!
Aexcel_Prof_Location_Line_Count,#REF!,#REF!
Footnote1,#REF!,#REF!
Med_MDC_inp_billed_08_prior,#REF!,#REF!
Med_paid_amt_male_0_19_prior,#REF!,#REF!
Med_claim_count_unknown_20_44_prior,#REF!,#REF!
Dental_key_results_rc_savings_amt_curr,#REF!,#REF!
Med_MDC_cd_03_curr,#REF!,#REF!
Prem2,#REF!,#REF!
AHF_Med_count_inp_curr,#REF!,#REF!
dental_cob_out_network_prior,#REF!,#REF!
Product_07_delete_prior,#REF!,#REF!
AHF_Med_count_total_mcc_curr,#REF!,#REF!
BOB_Med_paid_encounter_lab_rad_curr,#REF!,#REF!
_2,#REF!,#REF!
FOV_53_Range,#REF!,#REF!
BOB_Med_num_employees_curr,#REF!,#REF!
AHF_Med_fund_paid_amt_er_curr,#REF!,#REF!
Med_MDC_admits_00_prior,#REF!,#REF!
FDP_142_1_aUrv,#REF!,#REF!
BOB_Rx_female_mem_20_44_curr,#REF!,#REF!
FDP_71_1_aUrv,#REF!,#REF!
NetDebtEnt,#REF!,#REF!
adf_tier2_tot_fund_available_curr,#REF!,#REF!
Dental_orthodonic_svcs_prior,#REF!,#REF!
aex_Amb_Tier1_claimants_19_curr,#REF!,#REF!
Med_MDC_claimants_999_prior,#REF!,#REF!
PriceM,#REF!,#REF!
aex_inp_Tier1_paid_amt_12_curr,#REF!,#REF!
Medic_male_mem_70_74_curr,#REF!,#REF!
_PFY1,#REF!,#REF!
job_id,#REF!,#REF!
Adam_capitation_amt_prior,#REF!,#REF!
num_util_members_class_C_curr,#REF!,#REF!
FDP_29_1_aUrv,#REF!,#REF!
AHF_Med_allowed_amt_male_20_44_curr,#REF!,#REF!
AHF_Med_fund_paid_amt_female_45_64_curr,#REF!,#REF!
IQRCompsAR225,#REF!,#REF!
BOB_Med_par_phys_office_visits_count_curr,#REF!,#REF!
AccRec,#REF!,#REF!
Med_total_network_discount_curr,#REF!,#REF!
aex_inp_Tier1_days_21_curr,#REF!,#REF!
aex_inp_OON_paid_amt_01_curr,#REF!,#REF!
aex_inp_OON_days_16_curr,#REF!,#REF!
Rx_data_check,#REF!,#REF!
Med_MDC_amb_billed_999_curr,#REF!,#REF!
Financial_Overview_Dental_Range,#REF!,#REF!
BOB_Med_er_visits_count_curr,#REF!,#REF!
Dental_paid_amt_male_0_19_prior,#REF!,#REF!
__MUM28,#REF!,#REF!
Product_02_delete_prior,#REF!,#REF!
ahf_rx_num_brand_claims_prior,#REF!,#REF!
StatLabel5,#REF!,#REF!
dent_sav_frm_negot_arrangements_ppo_max_out_ntwk_prior,#REF!,#REF!
Med_MDC_amb_paid_00_prior,#REF!,#REF!
Dental_unknown_mem_20_44_prior,#REF!,#REF!
Med_MDC_paid_01_curr,#REF!,#REF!
aex_Amb_Tier1_claimants_04_curr,#REF!,#REF!
aex_inp_Tier2_days_24_curr,#REF!,#REF!
BOB_Med_MDC_days_19_curr,#REF!,#REF!
_bdm.1E0DF615475E4418A26657425AC7BE51.edm,#REF!,#REF!
aex_Amb_OON_paid_amt_01_curr,#REF!,#REF!
dental_deductible_out_network_prior,#REF!,#REF!
ahf_termed_tier1_cr_clm_paid_with_rollover_funds_curr,#REF!,#REF!
Aexcel_Prof_Exp_Location_Headings,#REF!,#REF!
BOB_Med_office_visits_count_curr,#REF!,#REF!
Med_count_med_visits_prior,#REF!,#REF!
Med_MDC_days_01_prior,#REF!,#REF!
Med_MDC_amb_paid_06_prior,#REF!,#REF!
_mu2,#REF!,#REF!
ahf_tier1_emp_74_50_spend_curr,#REF!,#REF!
__123Graph_BChart1,#REF!,#REF!
aex_Tier3_paid_amt_other_spec_off_visits_curr,#REF!,#REF!
fi_exec_summary_rows7_rows74,#REF!,#REF!
aex_inp_Tier3_paid_amt_11_curr,#REF!,#REF!
FDP_58_1_aUrv,#REF!,#REF!
Med_MDC_admits_05_curr,#REF!,#REF!
Stat8,#REF!,#REF!
ahf_termed_tier3_cr_fund_remaining_curr,#REF!,#REF!
ahf_termed_tier3_emp_100_spend_curr,#REF!,#REF!
aex_Tier3_Util_home_health_visits_curr,#REF!,#REF!
Medicare_Billed_female_mem_65_69_prior,#REF!,#REF!
BOB_Med_unknown_mem_65_over_curr,#REF!,#REF!
dental_reason_cust_out_network_curr,#REF!,#REF!
BenefitsLoad,#REF!,#REF!
LTMRevenues,#REF!,#REF!
adf_total_termd_rollover_pr_year_curr,#REF!,#REF!
sum_brand_multisource_calc_ing_curr,#REF!,#REF!
Med_MDC_inp_paid_05_curr,#REF!,#REF!
si_exec_summary_rows7_rows84,#REF!,#REF!
ahf_paid_amt_female_45_64_curr,#REF!,#REF!
ConvPrefLiq2,#REF!,#REF!
Med_MDC_claimants_17_prior,#REF!,#REF!
Template_Name,#REF!,#REF!
sum_brand_singlesource_avg_paid_claim_curr,#REF!,#REF!
IQRCompsAS225,#REF!,#REF!
FDP_40_1_aUrv,#REF!,#REF!
_s5,#REF!,#REF!
Dental_rc_savings_other_curr,#REF!,#REF!
sbp_allowed_amt,#REF!,#REF!
Rx_unknown_mem_45_64_prior,#REF!,#REF!
Forward2,#REF!,#REF!
ProcStartDateCurr,#REF!,#REF!
CalPE1,#REF!,#REF!
Med_Cost_Sharing_Medical_Range,#REF!,#REF!
sum_retail_generic_copay_amt_prior,#REF!,#REF!
Med_MDC_amb_paid_02_curr,#REF!,#REF!
Cover_Page_Run_Macros_Range,#REF!,#REF!
Med_count_lab_serv_curr,#REF!,#REF!
aex_TOT_Paid_Amt_curr,#REF!,#REF!
Aetna_PPO_Ntwk_Exp_PPO_Max_Sav_Neg_Arrang,#REF!,#REF!
SharesLTMT,#REF!,#REF!
_EPS3,#REF!,#REF!
aex_Amb_Tier3_claimants_10_curr,#REF!,#REF!
aex_Tier2_Util_off_surgeries_curr,#REF!,#REF!
XRefCopy5,#REF!,#REF!
ahf_termed_tier3_emp_24_1_spend_curr,#REF!,#REF!
Rx_AHF_female_mem_65_over_prior,#REF!,#REF!
BOB_Med_unknown_members_curr,#REF!,#REF!
sum_svc_copay_amt_mac_mod_prior,#REF!,#REF!
_bdm.00EC971BF37311D6B67A0010A48BFF38.edm,#REF!,#REF!
Med_MDC_cd_11_prior,#REF!,#REF!
aex_Amb_Tier1_claimants_08_curr,#REF!,#REF!
Warrants,#REF!,#REF!
aex_inp_Tier2_paid_amt_17_curr,#REF!,#REF!
Change3,#REF!,#REF!
Dental_female_members_prior,#REF!,#REF!
dd_prov_net_footnote,#REF!,#REF!
sum_specialty_non_brand_formulary_copay_amt_prior,#REF!,#REF!
Medicare_Billed_male_mem_75_79_prior,#REF!,#REF!
Dental_paid_amt_unknown_45_64_curr,#REF!,#REF!
sum_salestax_amt_non_mac_specialty_curr,#REF!,#REF!
HPD_Rows_6_7,#REF!,#REF!
_bdm.43BEFD54E5614A47BA6CC71AF25685D4.edm,#REF!,#REF!
NO_AEXCEL_Member_Data,#REF!,#REF!
_MUM25,#REF!,#REF!
Product_73_delete_prior,#REF!,#REF!
_s2,#REF!,#REF!
AHF_Med_fund_paid_amt_female_20_44_curr,#REF!,#REF!
DentalProductCheck,#REF!,#REF!
_bdm.983AC8FF6A984882AED2CBB174642E2F.edm,#REF!,#REF!
FI_Key_Stats_Footnote1_Range,#REF!,#REF!
adf_act_emp_plus_fam_fund_paid_curr,#REF!,#REF!
ahf_total_termd_rollover_fund_remaining_curr,#REF!,#REF!
__MUM26,#REF!,#REF!
FOV_48_Range,#REF!,#REF!
Revenues,#REF!,#REF!
BOB_Med_paid_amt_office_surgeries_prior,#REF!,#REF!
aex_Amb_OON_claimants_01_curr,#REF!,#REF!
FOV_69_Range,#REF!,#REF!
aex_Tier1_Claimants_curr,#REF!,#REF!
medical_sort4,#REF!,#REF!
Stat7,#REF!,#REF!
aex_inp_Tier3_days_17_curr,#REF!,#REF!
Med_MDC_admits_08_curr,#REF!,#REF!
IQRCompsT140,#REF!,#REF!
ahf_tier1_cr_fund_remaining_curr,#REF!,#REF!
IQRCompsK140,#REF!,#REF!
sum_salestax_amt_mac_retail_curr,#REF!,#REF!
BOB_Med_paid_amt_misc_med_curr,#REF!,#REF!
AmortLTM,#REF!,#REF!
_bdm.327EA03D3A584F82A302CFE810FD977E.edm,#REF!,#REF!
ahf_termed_tier4_emp_99_75_spend_curr,#REF!,#REF!
Special,#REF!,#REF!
HPD_number_claimants_asthma_curr,#REF!,#REF!
FDP_66_1_aSrv,#REF!,#REF!
Med_MDC_inp_billed_09_prior,#REF!,#REF!
aex_Amb_Tier1_paid_amt_12_curr,#REF!,#REF!
PTBV,#REF!,#REF!
retail_paid_amt_curr,#REF!,#REF!
Med_MDC_days_07_curr,#REF!,#REF!
ItemLabel10,#REF!,#REF!
sum_brand_singlesource_paid_amt_prior,#REF!,#REF!
Stat10,#REF!,#REF!
Med_paid_amt_curr,#REF!,#REF!
Med_MDC_inp_paid_21_prior,#REF!,#REF!
AHF_Med_claim_count_unknown_45_64_curr,#REF!,#REF!
sum_generic_paid_amt_curr,#REF!,#REF!
aex_inp_OON_paid_amt_07_curr,#REF!,#REF!
CashA,#REF!,#REF!
aex_Amb_Tier3_claimants_15_curr,#REF!,#REF!
LTMShares,#REF!,#REF!
ReportEPSLTM,#REF!,#REF!
WriteOff,#REF!,#REF!
ahf_total_termd_emp_49_25_spend_curr,#REF!,#REF!
CatClaimantThreshold,#REF!,#REF!
Med_count_inp_days_curr,#REF!,#REF!
dent_sav_frm_negot_arrangements_ppo_max_aetna_ppo_II_ntwk_curr,#REF!,#REF!
Product_59_delete_prior,#REF!,#REF!
MDC_CD_19,#REF!,#REF!
dental_employee_out_network_prior,#REF!,#REF!
FYE2EBIT,#REF!,#REF!
sum_generic_calc_ing_curr,#REF!,#REF!
num_mod_non_brand_formulary_claims_prior,#REF!,#REF!
Med_MDC_claimants_12_prior,#REF!,#REF!
Medicare_Billed_male_mem_65_69_prior,#REF!,#REF!
Med_phys_par_negot_savings_amt_curr,#REF!,#REF!
Report_Criteria_Range,#REF!,#REF!
AHF_Med_paid_amt_male_65_over_curr,#REF!,#REF!
BOB_Med_MDC_cd_21_curr,#REF!,#REF!
SharesYear2A,#REF!,#REF!
dental_freq_limit_out_network_curr,#REF!,#REF!
ahf_rx_num_claims_prior,#REF!,#REF!
FDP_106_1_aUrv,#REF!,#REF!
dental_oth_denied_clms_in_network_curr,#REF!,#REF!
si_exec_summary_rows12_rows13,#REF!,#REF!
aex_Amb_Tier1_paid_amt_22_curr,#REF!,#REF!
adf_act_emp_plus_1_fund_paid_curr,#REF!,#REF!
BH_BOB_Rx_male_mem_65_over_curr,#REF!,#REF!
pe,#REF!,#REF!
adf_termed_tier4_tot_fund_available_curr,#REF!,#REF!
gpi_name_class_OTHER_prior,#REF!,#REF!
FOV_15_Range,#REF!,#REF!
aex_inp_Tier3_paid_amt_05_curr,#REF!,#REF!
Med_MDC_paid_05_curr,#REF!,#REF!
ahf_termed_tier3_rollover_pr_year_curr,#REF!,#REF!
TotalPref,#REF!,#REF!
Med_MDC_amb_billed_05_prior,#REF!,#REF!
DA_RX_Range,#REF!,#REF!
AHF_Med_claim_count_unknown_0_19_curr,#REF!,#REF!
dental_major_in_network_curr,#REF!,#REF!
ahf_termed_tier2_cr_fund_remaining_curr,#REF!,#REF!
aex_inp_Tier1_days_17_curr,#REF!,#REF!
ahf_srv_copay_amt_male_0_19_curr,#REF!,#REF!
Med_MDC_amb_paid_12_curr,#REF!,#REF!
BOB_Med_phys_office_visits_count_curr,#REF!,#REF!
ePSM_Medical_Graph_Page_Range,#REF!,#REF!
generic_util_curr,#REF!,#REF!
Med_MDC_inp_paid_06_curr,#REF!,#REF!
sum_brand_multisource_avg_paid_claim_prior,#REF!,#REF!
Med_MDC_amb_billed_21_curr,#REF!,#REF!
BOB_Med_female_mem_65_over_curr,#REF!,#REF!
_bdm.223D2616BD9244AB92BE2FEBEAFB570C.edm,#REF!,#REF!
BOB_Med_MDC_amb_paid_13_curr,#REF!,#REF!
dental_tot_mbr_type_out_network_prior,#REF!,#REF!
Rx_num_employees_curr,#REF!,#REF!
BOB_Med_MDC_paid_03_curr,#REF!,#REF!
Medicare_Billed_male_mem_85_over_prior,#REF!,#REF!
BOB_Med_MDC_paid_15_curr,#REF!,#REF!
Product_52_delete_prior,#REF!,#REF!
EBITA,#REF!,#REF!
FDP_104_1_aUrv,#REF!,#REF!
IQRCompsAV140,#REF!,#REF!
adf_tier1_tot_fund_available_curr,#REF!,#REF!
dental_tot_ben_cat_out_network_prior,#REF!,#REF!
Med_MDC_days_07_prior,#REF!,#REF!
_bdm.28F3C3B79E43484AA41A87D12ADB61B5.edm,#REF!,#REF!
BOB_num_other_generic_claims_curr,#REF!,#REF!
Median1,#REF!,#REF!
NA_Range_Rx,#REF!,#REF!
Med_MDC_amb_billed_03_prior,#REF!,#REF!
aex_Amb_Tier1_claimants_06_curr,#REF!,#REF!
aex_inp_OON_days_01_curr,#REF!,#REF!
Med_paid_amt_male_20_44_curr,#REF!,#REF!
BOB_Med_MDC_cd_14_curr,#REF!,#REF!
aex_inp_Tier1_admits_22_curr,#REF!,#REF!
Med_unknown_mem_45_64_curr,#REF!,#REF!
___s5,#REF!,#REF!
Med_MDC_amb_paid_10_curr,#REF!,#REF!
aex_inp_Tier2_days_00_curr,#REF!,#REF!
__MUM10,#REF!,#REF!
FDP_177_1_aDrv,#REF!,#REF!
FOV_04_Range,#REF!,#REF!
Dental_male_mem_65_over_curr,#REF!,#REF!
PRIN,#REF!,#REF!
HPD_No_Obs_Found_Range,#REF!,#REF!
NumberofProducts,#REF!,#REF!
BH_BOB_Rx_female_mem_45_64_curr,#REF!,#REF!
Rx_AHF_unknown_mem_0_19_prior,#REF!,#REF!
TransferDate,#REF!,#REF!
RangeChange,#REF!,#REF!
Med_count_amb_surgeries_prior,#REF!,#REF!
Product_45_delete_prior,#REF!,#REF!
Med_MDC_days_12_prior,#REF!,#REF!
num_util_members_class_B_curr,#REF!,#REF!
Rx_female_mem_45_64_prior,#REF!,#REF!
BOB_Med_MDC_days_16_curr,#REF!,#REF!
sum_mod_non_brand_formulary_plan_paid_amt_curr,#REF!,#REF!
BH_BOB_Med_female_mem_20_44_curr,#REF!,#REF!
FDP_98_1_aDrv,#REF!,#REF!
Med_MDC_claimants_09_prior,#REF!,#REF!
aex_inp_OON_paid_amt_13_curr,#REF!,#REF!
FDShares,#REF!,#REF!
AHF_Med_female_mem_20_44_prior,#REF!,#REF!
gpi_name_class_G_prior,#REF!,#REF!
util_mem_female_20_44_curr,#REF!,#REF!
AHF_Med_paid_amt_female_0_19_curr,#REF!,#REF!
IQRCompsAO225,#REF!,#REF!
aex_inp_OON_admits_03_curr,#REF!,#REF!
FOV_SI_Pharmacy_Range,#REF!,#REF!
gpi_name_class_J_curr,#REF!,#REF!
aex_inp_OON_admits_13_curr,#REF!,#REF!
Med_billed_amt_female_45_64_prior,#REF!,#REF!
aex_inp_Tier1_days_20_curr,#REF!,#REF!
DebtSub,#REF!,#REF!
TIME_ON_SITE,#REF!,#REF!
aex_inp_Tier2_paid_amt_23_curr,#REF!,#REF!
Med_MDC_amb_billed_20_curr,#REF!,#REF!
sg,#REF!,#REF!
aex_inp_OON_paid_amt_18_curr,#REF!,#REF!
Med_MDC_billed_19_prior,#REF!,#REF!
BOB_Med_paid_encounter_lab_rad_prior,#REF!,#REF!
StatLabel2,#REF!,#REF!
NIYear2T,#REF!,#REF!
Med_paid_amt_inp_surgeries_prior,#REF!,#REF!
Med_MDC_amb_billed_16_prior,#REF!,#REF!
_MUM30,#REF!,#REF!
aex_inp_Tier2_admits_23_curr,#REF!,#REF!
FI_Key_Statistics_Medical_Range,#REF!,#REF!
IQRChartV6,#REF!,#REF!
FDP_162_1_aUrv,#REF!,#REF!
mod_copay_amt_curr,#REF!,#REF!
FOV_72_Range,#REF!,#REF!
aex_inp_Tier3_days_21_curr,#REF!,#REF!
Med_billed_amt_male_45_64_prior,#REF!,#REF!
AHF_Med_paid_amt_spec_phys_curr,#REF!,#REF!
i,#REF!,#REF!
Med_MDC_inp_paid_04_curr,#REF!,#REF!
_bdm.9B27B749CAE34269875494A45E4DFC70.edm,#REF!,#REF!
AHF_Med_emp_paid_amt_total_curr,#REF!,#REF!
FDP_120_1_aUrv,#REF!,#REF!
ahf_termed_tier1_emp_49_25_spend_curr,#REF!,#REF!
Aetna_PPO_II_Ntwk_Exp_PPO_Net_Avg_Sub_Charges,#REF!,#REF!
sum_brand_multisource_copay_prior,#REF!,#REF!
aex_Tier1_Util_er_visits_curr,#REF!,#REF!
BH_BOB_Rx_male_mem_0_19_curr,#REF!,#REF!
Med_MDC_inp_paid_00_prior,#REF!,#REF!
brand_prior,#REF!,#REF!
aex_inp_Tier2_admits_07_curr,#REF!,#REF!
PretaxItems3,#REF!,#REF!
FDP_57_1_aUrv,#REF!,#REF!
Aexcel_Demographics_Headings1,#REF!,#REF!
ahf_paid_amt_female_0_19_curr,#REF!,#REF!
IQRCompsAU225,#REF!,#REF!
BOB_Med_paid_amt_misc_med_prior,#REF!,#REF!
CashFlow,#REF!,#REF!
Med_MDC_billed_06_prior,#REF!,#REF!
AfterTaxItems,#REF!,#REF!
aex_Amb_Tier2_paid_amt_00_curr,#REF!,#REF!
sum_svc_copay_amt_brand_mod_prior,#REF!,#REF!
dental_oth_denied_clms_out_network_curr,#REF!,#REF!
Med_MDC_inp_paid_12_curr,#REF!,#REF!
AHF_Med_male_mem_65_over_curr,#REF!,#REF!
Med_MDC_inp_paid_01_curr,#REF!,#REF!
Forward1,#REF!,#REF!
Cover_Page_Range,#REF!,#REF!
aex_inp_Tier2_days_14_curr,#REF!,#REF!
t,#REF!,#REF!
Z_9118CF73_A0E0_408F_82FC_D7B84F445576_.wvu.PrintArea,#REF!,#REF!
sum_retail_brand_formulary_copay_amt_curr,#REF!,#REF!
Dental_rc_savings_in_network_prior,#REF!,#REF!
aex_inp_Tier1_admits_18_curr,#REF!,#REF!
Med_MDC_inp_billed_11_curr,#REF!,#REF!
ahf_paid_amt_female_65_over_curr,#REF!,#REF!
Med_MDC_inp_billed_10_prior,#REF!,#REF!
Dental_unknown_mem_65_over_prior,#REF!,#REF!
si_exec_summary_rows56_rows65,#REF!,#REF!
Dental_other_paid_amt_prior,#REF!,#REF!
Dental_paid_amt_unknown_0_19_prior,#REF!,#REF!
adf_tier4_cr_claim_paid_with_cr_funds_curr,#REF!,#REF!
BOB_Med_MDC_days_04_curr,#REF!,#REF!
Rx_AHF_female_members_curr,#REF!,#REF!
dent_sav_frm_negot_arrangements_ppo_max_out_ntwk_curr,#REF!,#REF!
BOB_Med_MDC_inp_paid_04_curr,#REF!,#REF!
num_specialty_generic_claims_curr,#REF!,#REF!
Rx_unknown_mem_20_44_curr,#REF!,#REF!
aex_Amb_Tier2_claimants_02_curr,#REF!,#REF!
aex_Tier3_paid_amt_lab_services_curr,#REF!,#REF!
_Table3_Out,#REF!,#REF!
EVNetIncLTM,#REF!,#REF!
num_util_members_class_F_curr,#REF!,#REF!
datarange2,#REF!,#REF!
aex_inp_Tier2_days_05_curr,#REF!,#REF!
BOB_Med_MDC_claimants_16_curr,#REF!,#REF!
BOB_Med_MDC_admits_05_curr,#REF!,#REF!
aex_Tier2_paid_amt_radiology_services_curr,#REF!,#REF!
Full_Print,#REF!,#REF!
adf_tier2_emp_24_1_spend_curr,#REF!,#REF!
IntroPrintArea,#REF!,#REF!
IQRMediaCompTemplateV51,#REF!,#REF!
Med_MDC_billed_17_prior,#REF!,#REF!
dent_net_avg_sub_charges_ppo_max_out_ntwk_prior,#REF!,#REF!
Median3,#REF!,#REF!
gpi_name_class_O_curr,#REF!,#REF!
ciq_meta_info_b8890dafecb545a19e21a891430a79ee,#REF!,#REF!
aex_inp_Tier1_days_14_curr,#REF!,#REF!
aex_Amb_Tier2_claimants_01_curr,#REF!,#REF!
util_mem_female_45_64_curr,#REF!,#REF!
Med_MDC_claimants_14_prior,#REF!,#REF!
adf_termed_tier3_rollover_pr_year_curr,#REF!,#REF!
Med_paid_amt_office_surgeries_curr,#REF!,#REF!
aex_Amb_Tier3_paid_amt_07_curr,#REF!,#REF!
FDP_176_1_aDrv,#REF!,#REF!
HPD_number_claimants_total_curr,#REF!,#REF!
AHF_Med_female_mem_65_over_prior,#REF!,#REF!
Med_hospital_amb_paid_amt_curr,#REF!,#REF!
aex_inp_Tier2_days_17_curr,#REF!,#REF!
gpi_name_class_P_prior,#REF!,#REF!
Med_MDC_inp_billed_14_curr,#REF!,#REF!
HPD_paid_amt_asthma_prior,#REF!,#REF!
Med_count_other_curr,#REF!,#REF!
Dental_employee_paid_amt_curr,#REF!,#REF!
adf_tier4_emp_74_50_spend_curr,#REF!,#REF!
Loan_Amount,#REF!,#REF!
FDP_148_1_aUrv,#REF!,#REF!
aex_Tier1_Util_med_services_visits_curr,#REF!,#REF!
adf_tier1_emp_100_spend_curr,#REF!,#REF!
Med_MDC_claimants_21_prior,#REF!,#REF!
num_claims_class_B_prior,#REF!,#REF!
FDP_166_1_aDrv,#REF!,#REF!
FOV_01_Range,#REF!,#REF!
Med_billed_other_curr,#REF!,#REF!
Med_MDC_days_23_prior,#REF!,#REF!
_bdm.44BD11009E7C4888B27672FD70DACB78.edm,#REF!,#REF!
aex_Tier2_Util_home_health_visits_curr,#REF!,#REF!
aex_inp_OON_admits_24_curr,#REF!,#REF!
FDP_1_1_aUrv,#REF!,#REF!
Med_MDC_billed_16_curr,#REF!,#REF!
IQRCOMPANYA2AF17,#REF!,#REF!
aex_inp_Tier3_days_13_curr,#REF!,#REF!
FDP_95_1_aUrv,#REF!,#REF!
Aexcel_Demographic_Line_Count,#REF!,#REF!
_Table1_In1,#REF!,#REF!
TotalAssets,#REF!,#REF!
aex_Tier1_paid_amt_mental_health_visits_curr,#REF!,#REF!
dental_plan_max_in_network_prior,#REF!,#REF!
BOB_sum_cross_brand_paid_amt_prior,#REF!,#REF!
High4,#REF!,#REF!
Aetna_Spec_Ntwk_Exp_PPO_Max_Net_Avg_Sub_Charges,#REF!,#REF!
BOB_Med_paid_amt_above_threshold_curr,#REF!,#REF!
EBITMargin,#REF!,#REF!
Product_47_delete_prior,#REF!,#REF!
dental_preventive_out_network_curr,#REF!,#REF!
Dental_paid_amt_male_20_44_prior,#REF!,#REF!
CalEPS2,#REF!,#REF!
Med_MDC_inp_billed_999_prior,#REF!,#REF!
Med_MDC_amb_paid_15_curr,#REF!,#REF!
sum_mod_generic_copay_amt_prior,#REF!,#REF!
sum_paid_class_N_prior,#REF!,#REF!
adf_act_emp_plus_fam_fund_paid_prior,#REF!,#REF!
Item7,#REF!,#REF!
gpi_name_class_E_prior,#REF!,#REF!
FYE1Shares,#REF!,#REF!
Year1,#REF!,#REF!
sum_mod_non_brand_formulary_copay_amt_prior,#REF!,#REF!
TargPrem,#REF!,#REF!
Prior_Claims_Above_50K_Check,#REF!,#REF!
sum_paid_class_H_curr,#REF!,#REF!
aex_oon_paid_amt_tot_curr,#REF!,#REF!
AHF_Activity_Detail_Range,#REF!,#REF!
Dental_paid_amt_male_0_19_curr,#REF!,#REF!
IntAdj,#REF!,#REF!
aex_Amb_OON_paid_amt_09_curr,#REF!,#REF!
MDC_CD_15,#REF!,#REF!
Med_office_visits_count_curr,#REF!,#REF!
adf_tier2_active_employee_curr,#REF!,#REF!
FYE1Other2,#REF!,#REF!
Med_MDC_billed_22_prior,#REF!,#REF!
aex_OON_paid_amt_amb_visits_curr,#REF!,#REF!
Rx_male_mem_0_19_curr,#REF!,#REF!
FDP_203_1_aDdv,#REF!,#REF!
aex_inp_OON_paid_amt_20_curr,#REF!,#REF!
BLPH9,#REF!,#REF!
num_util_members_class_K_curr,#REF!,#REF!
dental_basic_out_network_curr,#REF!,#REF!
ahf_rx_num_gen_subst_claims_y_o_prior,#REF!,#REF!
_bdm.39C9E15CE9D24374A40E40FCDF6B0E3F.edm,#REF!,#REF!
aex_inp_Tier2_admits_19_curr,#REF!,#REF!
Med_MDC_inp_billed_17_curr,#REF!,#REF!
Med_MDC_inp_paid_21_curr,#REF!,#REF!
High9,#REF!,#REF!
aex_Tier2_Claimants_curr,#REF!,#REF!
IQRMediaCompTemplateV61,#REF!,#REF!
IQRStockChartAA10,#REF!,#REF!
aex_inp_Tier3_days_07_curr,#REF!,#REF!
_PE2,#REF!,#REF!
Cust_Spec_Ntwk_Exp_PPO_Sav_Neg_Arrang,#REF!,#REF!
MDC_CD_10,#REF!,#REF!
Medic_male_mem_0_64_prior,#REF!,#REF!
IQB_BOOKMARK_LOCATION_6,#REF!,#REF!
mdc_na_bob_column3,#REF!,#REF!
Med_MDC_cd_20_curr,#REF!,#REF!
adf_termed_tier3_cr_fund_remaining_curr,#REF!,#REF!
BOB_Med_paid_amt_prior,#REF!,#REF!
FirstTick,#REF!,#REF!
ahf_bnft_plan_paid_amt_male_20_44_curr,#REF!,#REF!
sss,#REF!,#REF!
Med_billed_amt_spec_office_visits_curr,#REF!,#REF!
IQRCompsAY198,#REF!,#REF!
Med_MDC_inp_billed_19_curr,#REF!,#REF!
AHF_Med_female_mem_20_44_curr,#REF!,#REF!
Med_billed_amt_office_surgeries_curr,#REF!,#REF!
NumberOfAccountsSelected,#REF!,#REF!
Princ,#REF!,#REF!
Med_paid_amt_female_45_64_prior,#REF!,#REF!
Med_MDC_claimants_06_prior,#REF!,#REF!
FOV_RX_Range,#REF!,#REF!
FDP_196_1_aUdv,#REF!,#REF!
aex_Amb_Tier3_paid_amt_06_curr,#REF!,#REF!
adf_total_tot_fund_available_curr,#REF!,#REF!
adf_termed_tier1_tot_fund_available_curr,#REF!,#REF!
aex_Amb_OON_paid_amt_16_curr,#REF!,#REF!
HPD_paid_amt_diabetes_curr,#REF!,#REF!
FDP_96_1_aUrv,#REF!,#REF!
FDP_132_1_aUrv,#REF!,#REF!
Med_MDC_claimants_04_prior,#REF!,#REF!
adf_tier3_cr_clm_paid_with_rollover_funds_curr,#REF!,#REF!
Product_69_delete_prior,#REF!,#REF!
Product_49_delete_prior,#REF!,#REF!
Dental_Ingenix_Footnote,#REF!,#REF!
FDP_88_1_aSrv,#REF!,#REF!
gpi_name_class_R_prior,#REF!,#REF!
ahf_tier2_emp_99_75_spend_curr,#REF!,#REF!
ciq_meta_info_cd712566b5454306bc4f6d8f2e2ab934,#REF!,#REF!
ItemLabel7,#REF!,#REF!
evlow,#REF!,#REF!
Med_MDC_cd_16_curr,#REF!,#REF!
_MUM11,#REF!,#REF!
FDP_171_1_aDrv,#REF!,#REF!
__MUM24,#REF!,#REF!
num_claims_class_L_prior,#REF!,#REF!
aex_inp_OON_admits_19_curr,#REF!,#REF!
aex_inp_OON_days_06_curr,#REF!,#REF!
AHF_Med_paid_amt_female_20_44_curr,#REF!,#REF!
adf_tier2_cr_year_initial_fund_curr,#REF!,#REF!
FDP_185_1_aUdv,#REF!,#REF!
_MUM19,#REF!,#REF!
EBITDAT,#REF!,#REF!
Tick1,#REF!,#REF!
aex_Tier3_paid_amt_inp_surgeries_curr,#REF!,#REF!
ahf_paid_amt_total_prior,#REF!,#REF!
Dental_orthodonic_svcs_curr,#REF!,#REF!
Product_55_members,#REF!,#REF!
Dental_network_discount_out_network_prior,#REF!,#REF!
ahf_bnft_plan_paid_amt_female_0_19_curr,#REF!,#REF!
OtherT,#REF!,#REF!
Med_count_mental_health_prior,#REF!,#REF!
Product_06_members,#REF!,#REF!
BOB_Med_par_paid_amt_prior,#REF!,#REF!
Med_MDC_inp_paid_02_curr,#REF!,#REF!
adf_total_termd_emp_74_50_spend_curr,#REF!,#REF!
Interconnection_prices_and_revenue,#REF!,#REF!
MDC_Range_I7,#REF!,#REF!
aex_OON_Util_home_health_visits_curr,#REF!,#REF!
EBITDA,#REF!,#REF!
Med_paid_encounter_lab_rad_prior,#REF!,#REF!
aex_inp_Tier3_paid_amt_10_curr,#REF!,#REF!
AHF_Med_primary_office__visits_count_prior,#REF!,#REF!
_lev2,#REF!,#REF!
sum_svc_copay_amt_brand_specialty_prior,#REF!,#REF!
FDP_51_1_aUrv,#REF!,#REF!
AHF_Med_claim_count_total_curr,#REF!,#REF!
Item1,#REF!,#REF!
FOV_99_Range,#REF!,#REF!
User,#REF!,#REF!
Medical_Catastrophic_Prior_Range,#REF!,#REF!
AHF_Med_count_mental_health_curr,#REF!,#REF!
FOV_55_Range,#REF!,#REF!
ahf_tier1_emp_99_75_spend_curr,#REF!,#REF!
aex_inp_OON_paid_amt_11_curr,#REF!,#REF!
Rx_avg_age_members_prior,#REF!,#REF!
Med_MDC_billed_05_prior,#REF!,#REF!
FDP_157_1_aSrv,#REF!,#REF!
BOB_Med_female_mem_0_19_prior,#REF!,#REF!
FDP_198_1_aUdv,#REF!,#REF!
Med_MDC_billed_16_prior,#REF!,#REF!
EBITDACapExInt,#REF!,#REF!
BOB_Med_MDC_amb_paid_05_curr,#REF!,#REF!
adf_tier4_cr_clm_paid_with_rollover_funds_curr,#REF!,#REF!
Rx_AHF_unknown_members_curr,#REF!,#REF!
Med_MDC_inp_billed_16_curr,#REF!,#REF!
AHF_Med_paid_amt_rad_curr,#REF!,#REF!
aex_inp_Tier3_paid_amt_00_curr,#REF!,#REF!
___s6,#REF!,#REF!
BOB_Med_unknown_mem_20_44_prior,#REF!,#REF!
s_3,#REF!,#REF!
BOB_sum_brand_singlesource_paid_amt_curr,#REF!,#REF!
Med_MDC_amb_billed_07_curr,#REF!,#REF!
Med_billed_amt_med_rx_prior,#REF!,#REF!
Med_female_mem_0_19_prior,#REF!,#REF!
Med_MDC_admits_16_prior,#REF!,#REF!
Aexcel_Structure_Line_Count,#REF!,#REF!
aex_inp_Tier2_admits_13_curr,#REF!,#REF!
Med_phys_discount_billed_amt_prior,#REF!,#REF!
FDP_122_1_aUrv,#REF!,#REF!
Med_MDC_inp_paid_02_prior,#REF!,#REF!
Marketing_Advertising_Services,#REF!,#REF!
aex_inp_Tier3_paid_amt_20_curr,#REF!,#REF!
num_retail_brand_formulary_claims_prior,#REF!,#REF!
ciq_meta_info_c583b8fead3f47298885392988fb0ddb,#REF!,#REF!
aex_Amb_Tier3_claimants_18_curr,#REF!,#REF!
num_claims_curr,#REF!,#REF!
Medic_male_mem_85_over_prior,#REF!,#REF!
dental_plan_max_in_network_curr,#REF!,#REF!
NONAHFMedicalProduct,#REF!,#REF!
aex_inp_Tier3_days_02_curr,#REF!,#REF!
prior_yyyymmdd_processed_end_date,#REF!,#REF!
FOV_58_Range,#REF!,#REF!
_EPS01,#REF!,#REF!
BOB_Med_par_phys_office_visits_count_prior,#REF!,#REF!
Dental_num_members_curr,#REF!,#REF!
num_rx_claims_mac_retail_prior,#REF!,#REF!
dental_oth_denied_clms_out_network_prior,#REF!,#REF!
dental_reason_cust_out_network_prior,#REF!,#REF!
aex_inp_Tier2_days_23_curr,#REF!,#REF!
FDP_23_1_aDrv,#REF!,#REF!
BOB_Med_phys_office_visits_count_prior,#REF!,#REF!
Rx_AHF_female_mem_65_over_curr,#REF!,#REF!
aex_inp_Tier3_days_01_curr,#REF!,#REF!
_bdm.5AF8C68B1B4D4725A2EF100AD746D415.edm,#REF!,#REF!
dental_employee_out_network_curr,#REF!,#REF!
__MUM4,#REF!,#REF!
aex_inp_Tier3_admits_07_curr,#REF!,#REF!
adf_tier4_rollover_fund_remaining_curr,#REF!,#REF!
ciq_meta_info_941aee01a5f24e44b9a6d52ac004769b,#REF!,#REF!
Med_MDC_amb_paid_15_prior,#REF!,#REF!
ahf_member_cnt_unknown_20_44_curr,#REF!,#REF!
sum_brand_multisource_paid_amt_curr,#REF!,#REF!
Med_MDC_claimants_01_prior,#REF!,#REF!
adf_termed_tier2_Incentive_fund_earned_curr,#REF!,#REF!
IQRSheet1Q4,#REF!,#REF!
Med_MDC_amb_paid_03_curr,#REF!,#REF!
HPD_bob_prevalence_low_back_curr,#REF!,#REF!
te,#REF!,#REF!
aex_inp_Tier1_admits_07_curr,#REF!,#REF!
Med_MDC_inp_paid_13_curr,#REF!,#REF!
aex_Amb_Tier1_paid_amt_19_curr,#REF!,#REF!
aex_inp_OON_admits_20_curr,#REF!,#REF!
Med_paid_amt_mental_health_curr,#REF!,#REF!
aex_inp_Tier1_admits_09_curr,#REF!,#REF!
_Key1,#REF!,#REF!
ahf_srv_copay_amt_total_curr,#REF!,#REF!
ahf_termed_tier3_cr_clm_paid_with_rollover_funds_curr,#REF!,#REF!
FDP_160_1_aUrv,#REF!,#REF!
Interest_Rate,#REF!,#REF!
AHF_Med_fund_in_network_paid_amt_prior,#REF!,#REF!
BOB_Med_MDC_days_17_curr,#REF!,#REF!
paid_female_65_over_curr,#REF!,#REF!
adf_total_termd_active_employee_curr,#REF!,#REF!
Med_MDC_amb_paid_11_prior,#REF!,#REF!
gpi_name_class_L_prior,#REF!,#REF!
paid_male_45_64_curr,#REF!,#REF!
r.Liquidity,#REF!,#REF!
num_rx_claims_mac_retail_curr,#REF!,#REF!
tab_report_name,#REF!,#REF!
Scheduled_Interest_Rate,#REF!,#REF!
Rx_unknown_mem_20_44_prior,#REF!,#REF!
Med_claim_count_female_0_19_curr,#REF!,#REF!
Med_MDC_billed_01_prior,#REF!,#REF!
sum_calcing_cost_amt_mac_specialty_curr,#REF!,#REF!
medical_sort5,#REF!,#REF!
AcqTrig,#REF!,#REF!
adf_tier4_cr_year_initial_fund_curr,#REF!,#REF!
ahf_tier1_active_employee_curr,#REF!,#REF!
num_rx_claims_non_mac_specialty_prior,#REF!,#REF!
Cover,#REF!,#REF!
SI_FI_SBP_product_count,#REF!,#REF!
IQRCompsAQ183,#REF!,#REF!
adf_termed_tier3_emp_24_1_spend_curr,#REF!,#REF!
BOB_Dental_orthodonic_svcs_curr,#REF!,#REF!
Dental_PPO_Section_Check,#REF!,#REF!
Med_total_par_r_c_savings_amt_prior,#REF!,#REF!
AHF_Med_paid_amt_total_mcc_curr,#REF!,#REF!
Med_unknown_mem_20_44_curr,#REF!,#REF!
BOB_Med_MDC_amb_paid_21_curr,#REF!,#REF!
sum_retail_brand_formulary_paid_amt_prior,#REF!,#REF!
dental_other_unknown_in_network_curr,#REF!,#REF!
DEEnd,#REF!,#REF!
ciq_meta_info_b664e722239c4cde86e530c230078538,#REF!,#REF!
CoverPageBrokerTagLine,#REF!,#REF!
BOB_Med_MDC_amb_paid_16_curr,#REF!,#REF!
dent_sav_frm_negot_arrangements_ppo_max_aetna_ppo_ntwk_curr,#REF!,#REF!
aex_inp_Tier1_paid_amt_18_curr,#REF!,#REF!
Rx_AHF_female_members_prior,#REF!,#REF!
FOV_44_Range,#REF!,#REF!
adf_termed_tier3_cr_claim_paid_with_cr_funds_curr,#REF!,#REF!
Med_female_mem_45_64_prior,#REF!,#REF!
MATrig,#REF!,#REF!
Med_MDC_paid_05_prior,#REF!,#REF!
Dental_dependent_paid_amt_curr,#REF!,#REF!
sum_retail_generic_paid_amt_prior,#REF!,#REF!
aex_inp_OON_admits_16_curr,#REF!,#REF!
sum_paid_curr,#REF!,#REF!
CoverPageProduct,#REF!,#REF!
aex_Amb_Tier1_paid_amt_15_curr,#REF!,#REF!
sum_prof_fee_amt_mac_mod_prior,#REF!,#REF!
BOB_Med_MDC_cd_05_curr,#REF!,#REF!
AHF_Med_male_mem_20_44_curr,#REF!,#REF!
Med_paid_amt_med_rx_curr,#REF!,#REF!
aex_inp_Tier2_paid_amt_12_curr,#REF!,#REF!
sum_retail_brand_formulary_copay_amt_prior,#REF!,#REF!
Med_MDC_paid_06_prior,#REF!,#REF!
Equity,#REF!,#REF!
ahf_tier4_cr_claim_paid_with_cr_funds_curr,#REF!,#REF!
ahf_termed_tier3_cr_year_initial_fund_curr,#REF!,#REF!
Medic_male_mem_65_69_curr,#REF!,#REF!
_Regression_Y,#REF!,#REF!
Med_MDC_billed_02_curr,#REF!,#REF!
Med_MDC_cd_04_prior,#REF!,#REF!
_MUM27,#REF!,#REF!
Med_cob_amt_prior,#REF!,#REF!
ahf_tier4_emp_74_50_spend_curr,#REF!,#REF!
Med_MDC_amb_paid_21_curr,#REF!,#REF!
ahf_dental_expenses_prior,#REF!,#REF!
EBITGrowth,#REF!,#REF!
ahf_termed_tier4_rollover_fund_remaining_curr,#REF!,#REF!
aex_inp_OON_days_11_curr,#REF!,#REF!
Hospital_Profile_Range,#REF!,#REF!
aex_inp_OON_paid_amt_06_curr,#REF!,#REF!
ahf_total_termd_emp_74_50_spend_curr,#REF!,#REF!
High1,#REF!,#REF!
Rx_unknown_mem_0_19_curr,#REF!,#REF!
_MUM9,#REF!,#REF!
LTEPSGrowth,#REF!,#REF!
Med_MDC_admits_02_curr,#REF!,#REF!
one,#REF!,#REF!
adf_termed_tier2_cr_fund_remaining_curr,#REF!,#REF!
AHF_Med_fund_paid_amt_amb_curr,#REF!,#REF!
dental_preventive_in_network_prior,#REF!,#REF!
_bdm.AF693671E782498D8F89712C7C82178C.edm,#REF!,#REF!
BOB_Rx_num_members_curr,#REF!,#REF!
aex_Amb_OON_paid_amt_13_curr,#REF!,#REF!
aex_Amb_OON_paid_amt_04_curr,#REF!,#REF!
paid_female_65_over_prior,#REF!,#REF!
num_claims_class_O_prior,#REF!,#REF!
adf_total_cr_fund_remaining_curr,#REF!,#REF!
EV1OtherLTM,#REF!,#REF!
Med_amb_surgery_count_prior,#REF!,#REF!
Med_billed_encounter_spec_phys_prior,#REF!,#REF!
Med_paid_amt_male_45_64_prior,#REF!,#REF!
aex_Amb_Tier3_paid_amt_01_curr,#REF!,#REF!
aex_Amb_Tier1_claimants_22_curr,#REF!,#REF!
ConvPrefOut,#REF!,#REF!
aex_inp_Tier2_paid_amt_03_curr,#REF!,#REF!
BOB_sum_non_formulary_paid_amt_prior,#REF!,#REF!
MDC_CD_01,#REF!,#REF!
_MUM14,#REF!,#REF!
FDP_131_1_aUrv,#REF!,#REF!
Dental_paid_amt_female_65_over_curr,#REF!,#REF!
Med_MDC_amb_paid_08_prior,#REF!,#REF!
BOB_Med_MDC_days_10_curr,#REF!,#REF!
adf_tier2_emp_49_25_spend_curr,#REF!,#REF!
rngRefreshedDate,#REF!,#REF!
Aex_Experience_by_Tier_Range,#REF!,#REF!
Product_09_members,#REF!,#REF!
Dental_major_paid_amt_curr,#REF!,#REF!
num_rx_claims_non_mac_mod_curr,#REF!,#REF!
ciq_meta_info_b9d0250d9bba40c9b27ee64a0385c7cf,#REF!,#REF!
aex_inp_Tier3_admits_10_curr,#REF!,#REF!
EBITDAMargin,#REF!,#REF!
FYE2GrossProfit,#REF!,#REF!
EPSYear1C,#REF!,#REF!
aex_Amb_Tier2_paid_amt_03_curr,#REF!,#REF!
Tick2,#REF!,#REF!
gpi_name_class_N_curr,#REF!,#REF!
BOB_Med_MDC_amb_paid_08_curr,#REF!,#REF!
sum_calcing_cost_amt_mac_retail_prior,#REF!,#REF!
PrefShares2,#REF!,#REF!
Prov_Network_Physician_Other_Footnote,#REF!,#REF!
AvgShares,#REF!,#REF!
ahf_member_cnt_total_prior,#REF!,#REF!
FOV_08_Range,#REF!,#REF!
salaries,#REF!,#REF!
AHF_Med_female_mem_45_64_prior,#REF!,#REF!
Rx_AHF_unknown_mem_45_64_curr,#REF!,#REF!
num_claims_class_N_prior,#REF!,#REF!
MDC_MDC_Label_Paste,#REF!,#REF!
Med_MDC_inp_billed_09_curr,#REF!,#REF!
EnterpriseA,#REF!,#REF!
FYE2Other2,#REF!,#REF!
BH_BOB_Med_female_members_curr,#REF!,#REF!
FOV_54_Range,#REF!,#REF!
DA_Medical_Range,#REF!,#REF!
Med_MDC_billed_20_prior,#REF!,#REF!
aex_inp_Tier1_paid_amt_24_curr,#REF!,#REF!
Med_MDC_inp_billed_22_prior,#REF!,#REF!
MDC_CD_18,#REF!,#REF!
Cwvu.GREY_ALL.,#REF!,#REF!
sum_copay_prior,#REF!,#REF!
ahf_termed_tier4_emp_24_1_spend_curr,#REF!,#REF!
ahf_term_emp_plus_1_fund_paid_curr,#REF!,#REF!
Med_total_billed_network_prior,#REF!,#REF!
EVEBIT2,#REF!,#REF!
AHF_Med_fund_paid_amt_unknown_0_19_curr,#REF!,#REF!
FDP_18_1_aUrv,#REF!,#REF!
BOB_Med_claim_count_prior,#REF!,#REF!
BaseTick,#REF!,#REF!
Med_MDC_admits_02_prior,#REF!,#REF!
gpi_name_class_K_curr,#REF!,#REF!
Targ,#REF!,#REF!
Med_MDC_admits_999_prior,#REF!,#REF!
ahf_rx_num_formulary_claims_curr,#REF!,#REF!
allokay,#REF!,#REF!
TransferEmpID,#REF!,#REF!
adf_termed_tier2_cr_year_initial_fund_curr,#REF!,#REF!
report_type,#REF!,#REF!
num_generic_claims_prior,#REF!,#REF!
dental_children_out_network_curr,#REF!,#REF!
MDC_CD_04,#REF!,#REF!
_bdm.DA40FBE9A21F45CAAF44C89D86D767E0.edm,#REF!,#REF!
EPS,#REF!,#REF!
aex_Amb_Tier2_claimants_08_curr,#REF!,#REF!
_5__123Graph_ACHART_4,#REF!,#REF!
Med_MDC_billed_08_prior,#REF!,#REF!
BOB_Med_paid_amt_mental_health_prior,#REF!,#REF!
__MUM15,#REF!,#REF!
AHF_Med_count_prim_phys_curr,#REF!,#REF!
Product_12_members,#REF!,#REF!
FDP_17_1_aUrv,#REF!,#REF!
_MUM8,#REF!,#REF!
Rx_female_members_curr,#REF!,#REF!
sic2ok,#REF!,#REF!
AHF_Med_fund_paid_amt_curr,#REF!,#REF!
paid_female_45_64_curr,#REF!,#REF!
__s4,#REF!,#REF!
IQRCompsAV225,#REF!,#REF!
aex_Amb_OON_paid_amt_00_curr,#REF!,#REF!
sum_prof_fee_amt_non_mac_retail_prior,#REF!,#REF!
aex_Tier2_paid_amt_other_spec_off_visits_curr,#REF!,#REF!
XRefPaste2,#REF!,#REF!
_bdm.C194714595F14520AA52E6501AEC9C62.edm,#REF!,#REF!
_Low6,#REF!,#REF!
aex_Amb_Tier2_paid_amt_01_curr,#REF!,#REF!
AHF_Med_allowed_amt_male_0_19_curr,#REF!,#REF!
EquityBeta,#REF!,#REF!
num_claims_class_F_curr,#REF!,#REF!
adf_act_emp_plus_2_fund_paid_prior,#REF!,#REF!
FI_comm_rated_gloss_med_billed_amt_per_emp,#REF!,#REF!
BOB_Med_MDC_claimants_09_curr,#REF!,#REF!
adf_tier3_Incentive_fund_earned_curr,#REF!,#REF!
Med_MDC_paid_19_prior,#REF!,#REF!
Med_billed_amt_lab_serv_curr,#REF!,#REF!
aex_inp_Tier2_paid_amt_21_curr,#REF!,#REF!
ahf_termed_tier1_active_employee_curr,#REF!,#REF!
Med_billed_amt_unknown_65_over_prior,#REF!,#REF!
aex_inp_Tier3_admits_14_curr,#REF!,#REF!
AHF_Med_female_members_prior,#REF!,#REF!
XREF_COLUMN_10,#REF!,#REF!
BOB_Med_MDC_inp_paid_23_curr,#REF!,#REF!
MinInt,#REF!,#REF!
aex_inp_Tier3_days_06_curr,#REF!,#REF!
_MUM3,#REF!,#REF!
Median9,#REF!,#REF!
Med_MDC_admits_16_curr,#REF!,#REF!
FYE2Other3,#REF!,#REF!
aex_inp_Tier2_paid_amt_04_curr,#REF!,#REF!
sum_retail_generic_plan_paid_amt_curr,#REF!,#REF!
aex_Amb_Tier1_claimants_00_curr,#REF!,#REF!
Med_count_rad_serv_curr,#REF!,#REF!
BOB_Med_threshold_prior,#REF!,#REF!
Rx_AHF_unknown_mem_45_64_prior,#REF!,#REF!
CompTrig,#REF!,#REF!
BOB_num_claims_curr,#REF!,#REF!
aex_Amb_Tier3_claimants_24_curr,#REF!,#REF!
ahf_tier4_emp_49_25_spend_curr,#REF!,#REF!
Med_MDC_days_19_curr,#REF!,#REF!
aex_inp_Tier1_admits_16_curr,#REF!,#REF!
retail_copay_amt_prior,#REF!,#REF!
BOB_Med_cob_amt_prior,#REF!,#REF!
etvhigh,#REF!,#REF!
Rx_male_mem_20_44_curr,#REF!,#REF!
sum_calcing_cost_amt_brand_mod_prior,#REF!,#REF!
num_brand_multisource_claims_prior,#REF!,#REF!
Beg_Bal,#REF!,#REF!
LowPrice,#REF!,#REF!
Medic_female_mem_85_over_prior,#REF!,#REF!
Product_02_members,#REF!,#REF!
AHF_Med_specialist_office_visits_count_prior,#REF!,#REF!
FDP_6_1_aSrv,#REF!,#REF!
sum_svc_copay_amt_mac_mod_curr,#REF!,#REF!
Med_non_facility_billed_network_curr,#REF!,#REF!
SharesCurrentA,#REF!,#REF!
aex_inp_OON_days_02_curr,#REF!,#REF!
ahf_tier4_cr_year_initial_fund_curr,#REF!,#REF!
EquityA,#REF!,#REF!
sum_prof_fee_amt_non_mac_specialty_curr,#REF!,#REF!
NWCMargin,#REF!,#REF!
FDP_35_1_aUrv,#REF!,#REF!
Trend_Analysis_Medical_Range,#REF!,#REF!
BOB_Med_MDC_cd_13_curr,#REF!,#REF!
aex_inp_Tier2_admits_20_curr,#REF!,#REF!
BH_BOB_Rx_num_members_curr,#REF!,#REF!
rngStoredProcedure,#REF!,#REF!
IQRCompsAS154,#REF!,#REF!
ahf_paid_amt_male_20_44_curr,#REF!,#REF!
aex_Amb_OON_claimants_00_curr,#REF!,#REF!
eqvhighblank,#REF!,#REF!
PERIODIC,#REF!,#REF!
Dental_preventative_paid_amt_prior,#REF!,#REF!
Med_par_admit_count_curr,#REF!,#REF!
Med_paid_amt_unknown_65_over_prior,#REF!,#REF!
IQRStockChartAF10,#REF!,#REF!
Med_paid_encounter_other_prior,#REF!,#REF!
AHF_Med_fund_paid_amt_male_45_64_curr,#REF!,#REF!
MIT,#REF!,#REF!
EquityRiskPremium,#REF!,#REF!
IQRCompsAO183,#REF!,#REF!
aex_Amb_Tier3_claimants_06_curr,#REF!,#REF!
adf_total_cr_clm_paid_with_rollover_funds_curr,#REF!,#REF!
ahf_termed_tier4_cr_claim_paid_with_cr_funds_curr,#REF!,#REF!
FDP_8_1_aUrv,#REF!,#REF!
aex_Amb_OON_claimants_19_curr,#REF!,#REF!
NIYear2A,#REF!,#REF!
IQRSheet1T4,#REF!,#REF!
Product_71_members,#REF!,#REF!
MDC_CD_07,#REF!,#REF!
FinancialOverviewCurr._3,#REF!,#REF!
r.Leverage,#REF!,#REF!
AHF_Med_emp_paid_amt_female_20_44_curr,#REF!,#REF!
Med_MDC_amb_billed_19_prior,#REF!,#REF!
BOB_Rx_male_mem_65_over_curr,#REF!,#REF!
Med_MDC_admits_22_prior,#REF!,#REF!
Rx_num_members_curr,#REF!,#REF!
adf_tier4_emp_24_1_spend_curr,#REF!,#REF!
Medicare_Billed_female_mem_80_84_prior,#REF!,#REF!
aex_inp_Tier3_paid_amt_16_curr,#REF!,#REF!
AHF_Med_allowed_amt_female_20_44_curr,#REF!,#REF!
Med_MDC_days_03_prior,#REF!,#REF!
ciq_meta_info_1893968efa384ab0814592e273e9e595,#REF!,#REF!
AHF_Med_fund_paid_amt_unknown_45_64_curr,#REF!,#REF!
_bdm.074EB0C6AAE811D6B66B0010A4863BD8.edm,#REF!,#REF!
Med_MDC_days_15_prior,#REF!,#REF!
aex_Amb_Tier1_claimants_20_curr,#REF!,#REF!
num_specialty_non_brand_formulary_claims_prior,#REF!,#REF!
Med_billed_amt_inp_days_prior,#REF!,#REF!
Med_MDC_amb_paid_11_curr,#REF!,#REF!
Med_amb_paid_amt_above_threshold_prior,#REF!,#REF!
ahf_tier1_emp_24_1_spend_curr,#REF!,#REF!
aex_tier2_utlilization_tot_prior,#REF!,#REF!
EVCashFlow2,#REF!,#REF!
___s1,#REF!,#REF!
ahf_tier2_rollover_pr_year_curr,#REF!,#REF!
FOV_47_Range,#REF!,#REF!
adf_termed_tier2_emp_24_1_spend_curr,#REF!,#REF!
BOB_Dental_network_paid_amt_prior,#REF!,#REF!
Dental_paid_amt_male_45_64_curr,#REF!,#REF!
adf_total_emp_0_spend_curr,#REF!,#REF!
BOB_Med_male_mem_65_over_prior,#REF!,#REF!
Med_non_facility_network_discount_curr,#REF!,#REF!
BOB_Med_MDC_inp_paid_01_curr,#REF!,#REF!
aex_Amb_Tier1_paid_amt_05_curr,#REF!,#REF!
Aexcel_Prof_Exp_PMPM_Headings,#REF!,#REF!
aex_Amb_Tier3_claimants_12_curr,#REF!,#REF!
__123Graph_XCurrent,#REF!,#REF!
IQRCompsAO140,#REF!,#REF!
aex_Tier3_Amb_Paid_Amt_curr,#REF!,#REF!
aex_Amb_OON_claimants_05_curr,#REF!,#REF!
ahf_total_cr_clm_paid_with_rollover_funds_curr,#REF!,#REF!
Med_paid_amt_amb_visits_prior,#REF!,#REF!
DEStart,#REF!,#REF!
BOB_Med_MDC_amb_paid_04_curr,#REF!,#REF!
NumEntries,#REF!,#REF!
ahf_member_cnt_female_45_64_curr,#REF!,#REF!
Dental_female_mem_20_44_prior,#REF!,#REF!
AHF_Med_count_amb_curr,#REF!,#REF!
_MUM16,#REF!,#REF!
DebtA,#REF!,#REF!
_bdm.A00643E6A705476084A5F584F5934ED2.edm,#REF!,#REF!
__IntlFixupTable,#REF!,#REF!
RepurchShares,#REF!,#REF!
aex_Amb_OON_claimants_04_curr,#REF!,#REF!
Medic_female_mem_70_74_prior,#REF!,#REF!
aex_Tier1_paid_amt_er_visits_curr,#REF!,#REF!
Med_MDC_paid_15_curr,#REF!,#REF!
BID,#REF!,#REF!
HPD_bob_prevalence_coronary_artery_disease_curr,#REF!,#REF!
Med_billed_amt_amb_surgeries_prior,#REF!,#REF!
aex_Amb_Tier3_claimants_13_curr,#REF!,#REF!
FDP_75_1_aUrv,#REF!,#REF!
CurrentRatio,#REF!,#REF!
Med_MDC_inp_billed_14_prior,#REF!,#REF!
FDP_112_1_aUrv,#REF!,#REF!
gpi_name_class_M_prior,#REF!,#REF!
AHF_Med_amb_paid_amt_curr,#REF!,#REF!
dental_freq_limit_in_network_prior,#REF!,#REF!
Med_MDC_inp_paid_15_curr,#REF!,#REF!
sum_awp_amt_mac_retail_prior,#REF!,#REF!
Med_MDC_paid_21_prior,#REF!,#REF!
Med_MDC_billed_21_prior,#REF!,#REF!
BOB_Med_MDC_amb_paid_22_curr,#REF!,#REF!
aex_inp_Tier3_days_15_curr,#REF!,#REF!
BOB_Rx_unknown_mem_0_19_curr,#REF!,#REF!
Med_billed_amt_mental_health_prior,#REF!,#REF!
SynYear1,#REF!,#REF!
FDP_168_1_aDrv,#REF!,#REF!
aex_Amb_OON_paid_amt_18_curr,#REF!,#REF!
LowDate,#REF!,#REF!
BOB_Med_MDC_admits_10_curr,#REF!,#REF!
FDP_161_1_aSrv,#REF!,#REF!
sum_svc_copay_amt_non_mac_specialty_curr,#REF!,#REF!
ahf_tier4_emp_24_1_spend_curr,#REF!,#REF!
aex_inp_OON_admits_15_curr,#REF!,#REF!
_bdm.EE441CC69CEF4660810C0AB76C9F170F.edm,#REF!,#REF!
BOB_Med_paid_amt_inp_days_prior,#REF!,#REF!
Med_MDC_cd_08_prior,#REF!,#REF!
amt,#REF!,#REF!
toc_correct_report_name,#REF!,#REF!
gpi_name_class_K_prior,#REF!,#REF!
report_id,#REF!,#REF!
sum_paid_class_N_curr,#REF!,#REF!
dent_net_avg_sub_charges_ppo_max_out_ntwk_curr,#REF!,#REF!
Median2,#REF!,#REF!
Med_paid_amt_inp_days_prior,#REF!,#REF!
sum_calcing_cost_amt_non_mac_mod_curr,#REF!,#REF!
Medic_female_mem_0_64_curr,#REF!,#REF!
ahf_termed_tier2_emp_99_75_spend_curr,#REF!,#REF!
aex_Amb_Tier2_claimants_06_curr,#REF!,#REF!
aex_inp_Tier2_admits_21_curr,#REF!,#REF!
Rx_AHF_male_mem_45_64_prior,#REF!,#REF!
util_mem_female_20_44_prior,#REF!,#REF!
Med_MDC_paid_22_prior,#REF!,#REF!
Rx_male_mem_45_64_prior,#REF!,#REF!
DaysPay,#REF!,#REF!
ahf_total_rollover_fund_remaining_curr,#REF!,#REF!
_EPS99,#REF!,#REF!
BOB_Med_claim_count_above_threshold_curr,#REF!,#REF!
dental_children_in_network_prior,#REF!,#REF!
Medicare_Billed_male_mem_70_74_prior,#REF!,#REF!
Med_MDC_billed_23_curr,#REF!,#REF!
AHF_Med_fund_paid_amt_female_0_19_prior,#REF!,#REF!
aex_Tier3_Util_radiology_services_curr,#REF!,#REF!
aex_inp_Tier2_days_02_curr,#REF!,#REF!
adf_total_Incentive_fund_earned_curr,#REF!,#REF!
_MUM20,#REF!,#REF!
adf_tier3_cr_year_initial_fund_curr,#REF!,#REF!
aex_Tier3_Util_med_rx_curr,#REF!,#REF!
AHF_Med_months_curr,#REF!,#REF!
Low_Threshold,#REF!,#REF!
aex_inp_Tier3_paid_amt_02_curr,#REF!,#REF!
BOB_Med_MDC_admits_18_curr,#REF!,#REF!
adf_term_emp_plus_1_fund_paid_curr,#REF!,#REF!
Med_MDC_cd_11_curr,#REF!,#REF!
Dental_paid_amt_prior,#REF!,#REF!
aex_Tier3_Util_off_surgeries_curr,#REF!,#REF!
__MUM29,#REF!,#REF!
AHF_Med_claim_count_total_prior,#REF!,#REF!
Med_MDC_days_10_prior,#REF!,#REF!
rngPWD,#REF!,#REF!
adf_total_emp_24_1_spend_curr,#REF!,#REF!
Dental_unknown_members_curr,#REF!,#REF!
EPSLTMC,#REF!,#REF!
Product_58_members,#REF!,#REF!
BOB_Med_paid_amt_lab_serv_curr,#REF!,#REF!
__123Graph_LBL_APRINCIPAL,#REF!,#REF!
Med_billed_amt_inp_surgeries_curr,#REF!,#REF!
BOB_Med_MDC_paid_22_curr,#REF!,#REF!
Prem5,#REF!,#REF!
AHF_Med_count_medical_misc_curr,#REF!,#REF!
FDP_145_1_aUrv,#REF!,#REF!
OtherRiskPremium,#REF!,#REF!
dent_sav_frm_negot_arrangements_ppo_out_ntwk_curr,#REF!,#REF!
Med_MDC_paid_16_curr,#REF!,#REF!
Product_55_delete_prior,#REF!,#REF!
Dental_cost_share_allowed_amt_prior,#REF!,#REF!
dent_tot_services_aetna_spec_ntwk_curr,#REF!,#REF!
__MUM23,#REF!,#REF!
Med_MDC_admits_19_curr,#REF!,#REF!
ciq_meta_info_e9b5829eec9a4e8baf7c928b2c2c4e1c,#REF!,#REF!
Med_MDC_inp_billed_20_prior,#REF!,#REF!
ahf_tier3_Incentive_fund_earned_curr,#REF!,#REF!
ADYear2,#REF!,#REF!
GOITALONE,#REF!,#REF!
Med_MDC_amb_paid_07_prior,#REF!,#REF!
StopLightingImpactCat,#REF!,#REF!
BOB_num_non_formulary_claims_curr,#REF!,#REF!
NILTMT,#REF!,#REF!
_bdm.196E2C1A7BD14EB9BA42E1F187F09491.edm,#REF!,#REF!
IQRCompsAW140,#REF!,#REF!
BOB_Dental_preventative_paid_amt_curr,#REF!,#REF!
PretaxItems1,#REF!,#REF!
Pr_summary,#REF!,#REF!
Med_MDC_inp_paid_09_prior,#REF!,#REF!
BLPH5,#REF!,#REF!
Trend_Analysis_Dental_Range,#REF!,#REF!
Med_MDC_amb_billed_00_prior,#REF!,#REF!
BOB_Med_inp_surgery_count_prior,#REF!,#REF!
Med_count_amb_visits_curr,#REF!,#REF!
Product_04_delete_prior,#REF!,#REF!
Dental_avg_age_members_curr,#REF!,#REF!
SharesYear1A,#REF!,#REF!
Med_MDC_days_13_curr,#REF!,#REF!
BOB_Med_unknown_mem_45_64_prior,#REF!,#REF!
CapA,#REF!,#REF!
Med_MDC_admits_06_curr,#REF!,#REF!
__MUM1,#REF!,#REF!
adf_tier3_emp_99_75_spend_curr,#REF!,#REF!
aex_inp_Tier3_admits_01_curr,#REF!,#REF!
aex_inp_Tier1_admits_19_curr,#REF!,#REF!
AHF_Med_paid_amt_home_health_curr,#REF!,#REF!
Pay_Num,#REF!,#REF!
ip_mdc_na_bob_column1,#REF!,#REF!
num_mod_generic_claims_prior,#REF!,#REF!
Med_MDC_admits_17_curr,#REF!,#REF!
dental_basic_in_network_curr,#REF!,#REF!
Med_MDC_billed_18_prior,#REF!,#REF!
util_mem_female_45_64_prior,#REF!,#REF!
OtherLabel1,#REF!,#REF!
sum_retail_brand_formulary_plan_paid_amt_curr,#REF!,#REF!
ahf_bnft_plan_paid_amt_unknown_65_over_curr,#REF!,#REF!
adf_total_termd_Incentive_fund_earned_curr,#REF!,#REF!
Med_count_lab_serv_prior,#REF!,#REF!
ahf_tier1_cr_year_initial_fund_curr,#REF!,#REF!
aex_Tier1_paid_amt_lab_services_curr,#REF!,#REF!
SARPrice,#REF!,#REF!
Med_MDC_admits_22_curr,#REF!,#REF!
Med_MDC_paid_19_curr,#REF!,#REF!
FDP_26_1_aUrv,#REF!,#REF!
Dental_network_discount_other_prior,#REF!,#REF!
Dental_male_mem_20_44_curr,#REF!,#REF!
sum_retail_generic_copay_amt_curr,#REF!,#REF!
dental_tot_mbr_type_in_network_prior,#REF!,#REF!
aex_Amb_Tier2_paid_amt_08_curr,#REF!,#REF!
dental_major_out_network_prior,#REF!,#REF!
aex_inp_Tier2_paid_amt_02_curr,#REF!,#REF!
FOV_76_Range,#REF!,#REF!
BOB_Med_MDC_amb_paid_07_curr,#REF!,#REF!
Dental_network_discount_other_curr,#REF!,#REF!
BH_BOB_Med_male_mem_0_19_curr,#REF!,#REF!
util_mem_male_0_19_prior,#REF!,#REF!
adf_tier3_emp_0_spend_curr,#REF!,#REF!
impact_na_range1,#REF!,#REF!
Med_paid_amt_inp_surgeries_curr,#REF!,#REF!
Med_MDC_inp_paid_09_curr,#REF!,#REF!
EBITDAInt,#REF!,#REF!
FDP_56_1_aUrv,#REF!,#REF!
Footnote4,#REF!,#REF!
hn.YearLabel,#REF!,#REF!
SARs,#REF!,#REF!
DebtC,#REF!,#REF!
AHF_Med_fund_paid_amt_rad_curr,#REF!,#REF!
aex_Amb_Tier3_paid_amt_03_curr,#REF!,#REF!
Med_MDC_admits_14_prior,#REF!,#REF!
aex_Amb_Tier3_claimants_20_curr,#REF!,#REF!
Medical_Catastrophic_Current_Range,#REF!,#REF!
Med_er_visits_count_curr,#REF!,#REF!
aex_inp_Tier2_admits_12_curr,#REF!,#REF!
ahf_tier3_emp_74_50_spend_curr,#REF!,#REF!
generic_curr,#REF!,#REF!
Medic_female_mem_65_69_curr,#REF!,#REF!
num_rx_claims_brand_specialty_prior,#REF!,#REF!
p.IRR,#REF!,#REF!
page9,#REF!,#REF!
Med_MDC_claimants_02_curr,#REF!,#REF!
aex_OON_Util_med_rx_curr,#REF!,#REF!
Product_70_delete_prior,#REF!,#REF!
PriceT,#REF!,#REF!
aex_inp_Tier1_paid_amt_02_curr,#REF!,#REF!
__key3,#REF!,#REF!
aex_OON_Util_amb_visits_curr,#REF!,#REF!
FDP_181_1_aUrv,#REF!,#REF!
ahf_calc_ing_cost_amt_male_0_19_curr,#REF!,#REF!
Med_MDC_inp_paid_20_prior,#REF!,#REF!
Med_MDC_amb_paid_22_curr,#REF!,#REF!
dental_dup_bills_out_network_curr,#REF!,#REF!
Med_paid_amt_unknown_0_19_curr,#REF!,#REF!
adf_tier3_emp_100_spend_curr,#REF!,#REF!
num_rx_claims_brand_retail_curr,#REF!,#REF!
Rx_Top_30_Drugs_by_Paid_Range,#REF!,#REF!
Product_74_delete_prior,#REF!,#REF!
Med_claim_count_male_20_44_prior,#REF!,#REF!
Product_75_members,#REF!,#REF!
aex_Tier2_Util_misc_med_curr,#REF!,#REF!
Cust_Spec_Ntwk_Exp_PPO_Max_Net_Avg_Sub_Charges,#REF!,#REF!
Med_unknown_members_curr,#REF!,#REF!
BOB_Rx_male_members_curr,#REF!,#REF!
aex_inp_OON_days_20_curr,#REF!,#REF!
Rx_AHF_female_mem_20_44_curr,#REF!,#REF!
Med_MDC_billed_00_curr,#REF!,#REF!
aex_tier2_utlilization_tot_curr,#REF!,#REF!
Med_MDC_amb_billed_00_curr,#REF!,#REF!
SI_Rx_Key_Stats_Demographics_Header_June_08,#REF!,#REF!
Rx_AHF_num_members_prior,#REF!,#REF!
aex_inp_Tier2_days_12_curr,#REF!,#REF!
gpi_name_class_F_prior,#REF!,#REF!
Dental_num_members_prior,#REF!,#REF!
dental_tot_ben_cat_in_network_curr,#REF!,#REF!
XRefPaste7Row,#REF!,#REF!
dental_coinsurance_copay_out_network_prior,#REF!,#REF!
_PFY3,#REF!,#REF!
MDC_Range_I8,#REF!,#REF!
SharesLTMA,#REF!,#REF!
aex_inp_Tier1_days_18_curr,#REF!,#REF!
Med_count_office_surgeries_prior,#REF!,#REF!
Dental_num_employees_curr,#REF!,#REF!
Med_MDC_billed_07_prior,#REF!,#REF!
Med_claim_count_male_65_over_curr,#REF!,#REF!
RevA,#REF!,#REF!
aex_Amb_Tier2_paid_amt_15_curr,#REF!,#REF!
DebtPrice2,#REF!,#REF!
Med_MDC_amb_billed_12_curr,#REF!,#REF!
Dental_female_mem_65_over_curr,#REF!,#REF!
sum_mod_generic_plan_paid_amt_prior,#REF!,#REF!
BOB_Med_MDC_cd_06_curr,#REF!,#REF!
sum_calcing_cost_amt_brand_retail_curr,#REF!,#REF!
FI_EXEC_SUMMARY_RANGE_ROW66_ROW73,#REF!,#REF!
aex_OON_paid_amt_off_surgeries_curr,#REF!,#REF!
AHF_Med_surgery_count_curr,#REF!,#REF!
Options,#REF!,#REF!
ahf_term_total_fund_paid_curr,#REF!,#REF!
IncEndDateCurr,#REF!,#REF!
aex_inp_Tier1_paid_amt_07_curr,#REF!,#REF!
Check_For_Capitation_Product,#REF!,#REF!
aex_Amb_Tier2_claimants_09_curr,#REF!,#REF!
AHF_Med_male_mem_45_64_prior,#REF!,#REF!
DLDate01,#REF!,#REF!
Dental_cost_share_coins_amt_curr,#REF!,#REF!
Dental_paid_amt_unknown_0_19_curr,#REF!,#REF!
Rx_female_mem_0_19_prior,#REF!,#REF!
num_retail_brand_formulary_claims_curr,#REF!,#REF!
Med_MDC_cd_01_curr,#REF!,#REF!
ahf_member_cnt_male_45_64_curr,#REF!,#REF!
FDP_37_1_aUrv,#REF!,#REF!
sum_mod_prof_fee_amt_curr,#REF!,#REF!
Product_48_members,#REF!,#REF!
IQRCompsS140,#REF!,#REF!
AHF_Med_allowed_amt_male_45_64_curr,#REF!,#REF!
Med_MDC_cd_06_curr,#REF!,#REF!
aex_inp_Tier1_days_19_curr,#REF!,#REF!
AHF_Med_male_members_prior,#REF!,#REF!
hpd_cr_delete_paid_columns,#REF!,#REF!
Med_unknown_mem_45_64_prior,#REF!,#REF!
aex_inp_OON_days_03_curr,#REF!,#REF!
AHF_Med_emp_paid_amt_female_0_19_prior,#REF!,#REF!
ea,#REF!,#REF!
BOB_Med_MDC_amb_paid_999_curr,#REF!,#REF!
BOB_Med_MDC_amb_paid_10_curr,#REF!,#REF!
GrossMargin,#REF!,#REF!
aex_Amb_OON_claimants_24_curr,#REF!,#REF!
Med_MDC_amb_billed_21_prior,#REF!,#REF!
Med_MDC_amb_paid_14_prior,#REF!,#REF!
BOB_Rx_unknown_mem_65_over_curr,#REF!,#REF!
FYE,#REF!,#REF!
aex_inp_Tier1_days_15_curr,#REF!,#REF!
AHF_Med_count_rad_curr,#REF!,#REF!
Med_amb_network_discount_prior,#REF!,#REF!
Rx_AHF_unknown_members_prior,#REF!,#REF!
aex_inp_OON_admits_02_curr,#REF!,#REF!
FDP_84_1_aUrv,#REF!,#REF!
DebtCap2,#REF!,#REF!
ahf_bnft_plan_paid_amt_unknown_20_44_curr,#REF!,#REF!
_Low2,#REF!,#REF!
Rx_num_members_prior,#REF!,#REF!
_bdm.76CB26C38BD6425B8EF13D4F9F050D8C.edm,#REF!,#REF!
FDP_195_1_aUdv,#REF!,#REF!
dent_sav_frm_negot_arrangements_ppo_out_ntwk_prior,#REF!,#REF!
BOB_Med_par_paid_amt_curr,#REF!,#REF!
EBITC,#REF!,#REF!
FDP_39_1_aSrv,#REF!,#REF!
ahf_rx_num_unique_mem_id_curr,#REF!,#REF!
ConvDebt1,#REF!,#REF!
LTM,#REF!,#REF!
dent_net_avg_sub_charges_ppo_cust_spec_ntwk_curr,#REF!,#REF!
aex_inp_OON_paid_amt_19_curr,#REF!,#REF!
HPD_bob_prevalence_heart_failure_curr,#REF!,#REF!
BOB_Med_MDC_paid_12_curr,#REF!,#REF!
DeferredTaxes,#REF!,#REF!
sum_retail_brand_formulary_paid_amt_curr,#REF!,#REF!
dental_coinsurance_copay_in_network_curr,#REF!,#REF!
SIC,#REF!,#REF!
dental_dup_bills_out_network_prior,#REF!,#REF!
FDP_129_1_aUrv,#REF!,#REF!
adf_tier4_cr_fund_remaining_curr,#REF!,#REF!
Product_10_members,#REF!,#REF!
_MUM17,#REF!,#REF!
Med_MDC_paid_08_curr,#REF!,#REF!
adf_act_emp_plus_2_fund_paid_curr,#REF!,#REF!
IQRTelecomCompTemplateW54,#REF!,#REF!
TSynLTM,#REF!,#REF!
Med_amb_billed_amt_prior,#REF!,#REF!
FDP_14_1_aDrv,#REF!,#REF!
Med_MDC_inp_billed_23_curr,#REF!,#REF!
BOB_Dental_basic_svcs_prior,#REF!,#REF!
HPD_bob_prevalence_heart_failure_prior,#REF!,#REF!
BH_BOB_Rx_avg_age_members_curr,#REF!,#REF!
BOB_Med_MDC_inp_paid_15_curr,#REF!,#REF!
_MUM6,#REF!,#REF!
Med_MDC_days_12_curr,#REF!,#REF!
IQRMediaCompTemplate2V43,#REF!,#REF!
TSynYear2,#REF!,#REF!
FDP_76_1_aDrv,#REF!,#REF!
num_formulary_claims_prior,#REF!,#REF!
BOB_Med_MDC_paid_14_curr,#REF!,#REF!
_bdm.0B5E4A07F78E4E3E923312BD37FD77A2.edm,#REF!,#REF!
sum_awp_amt_brand_retail_prior,#REF!,#REF!
Med_inp_surgery_count_curr,#REF!,#REF!
FinancialOverviewCurr._7,#REF!,#REF!
Med_MDC_inp_paid_00_curr,#REF!,#REF!
FDP_21_1_aDrv,#REF!,#REF!
dent_sav_frm_negot_arrangements_ppo_max_aetna_spec_ntwk_curr,#REF!,#REF!
Med_count_office_surgeries_curr,#REF!,#REF!
Med_count_amb_surgeries_curr,#REF!,#REF!
Med_phys_office_visits_count_prior,#REF!,#REF!
BOB_Med_MDC_cd_999_curr,#REF!,#REF!
sum_retail_non_brand_formulary_paid_amt_prior,#REF!,#REF!
ExcessCash,#REF!,#REF!
Med_par_paid_amt_curr,#REF!,#REF!
ciq_meta_info_42dd16ce731e456fb423173ab8d80af3,#REF!,#REF!
BOB_Rx_female_mem_45_64_curr,#REF!,#REF!
adf_termed_tier1_emp_74_50_spend_curr,#REF!,#REF!
BOB_Rx_unknown_mem_65_over_prior,#REF!,#REF!
adf_tier3_emp_74_50_spend_curr,#REF!,#REF!
aex_inp_Tier3_admits_21_curr,#REF!,#REF!
adf_termed_tier3_emp_100_spend_curr,#REF!,#REF!
Med_MDC_amb_billed_16_curr,#REF!,#REF!
BOB_Med_MDC_cd_07_curr,#REF!,#REF!
Med_MDC_amb_billed_01_curr,#REF!,#REF!
Med_MDC_admits_17_prior,#REF!,#REF!
aex_Amb_Tier1_paid_amt_23_curr,#REF!,#REF!
Price,#REF!,#REF!
FDP_281_1_aSrv,#REF!,#REF!
Med_phys_office_visits_count_curr,#REF!,#REF!
BOB_Rx_male_members_prior,#REF!,#REF!
AHF_Med_fund_paid_amt_female_0_19_curr,#REF!,#REF!
Medicare_Billed_male_mem_70_74_curr,#REF!,#REF!
Dental_key_results_network_paid_amt_prior,#REF!,#REF!
num_claims_class_R_prior,#REF!,#REF!
ahf_termed_tier4_emp_0_spend_curr,#REF!,#REF!
RevenueGrowth,#REF!,#REF!
Medic_male_mem_65_69_prior,#REF!,#REF!
sum_salestax_amt_non_mac_mod_prior,#REF!,#REF!
Med_paid_amt_home_health_curr,#REF!,#REF!
aex_inp_Tier1_admits_01_curr,#REF!,#REF!
num_util_members_class_OTHER_curr,#REF!,#REF!
sum_calcing_cost_amt_non_mac_retail_curr,#REF!,#REF!
BOB_Med_MDC_cd_19_curr,#REF!,#REF!
BH_BOB_Med_num_members_curr,#REF!,#REF!
BOB_Med_admit_count_curr,#REF!,#REF!
Med_MDC_days_00_curr,#REF!,#REF!
paid_male_65_over_curr,#REF!,#REF!
Product_13_delete_prior,#REF!,#REF!
ahf_total_Incentive_fund_earned_curr,#REF!,#REF!
TransferTo,#REF!,#REF!
sum_retail_non_brand_formulary_paid_amt_curr,#REF!,#REF!
sum_brand_multisource_paid_amt_prior,#REF!,#REF!
FDP_32_1_aUrv,#REF!,#REF!
ahf_total_termd_tot_fund_available_curr,#REF!,#REF!
BOB_Med_MDC_cd_00_curr,#REF!,#REF!
BOB_Med_MDC_claimants_10_curr,#REF!,#REF!
num_util_members_class_G_prior,#REF!,#REF!
ResearchSource,#REF!,#REF!
Aetna_Spec_Ntwk_Exp_PPO_Sav_Neg_Arrang,#REF!,#REF!
BOB_Med_coinsurance_amt_prior,#REF!,#REF!
BOB_Med_paid_amt_rad_serv_curr,#REF!,#REF!
Dental_male_mem_0_19_prior,#REF!,#REF!
ahf_member_cnt_total_0_19_curr,#REF!,#REF!
Med_count_spec_office_visits_prior,#REF!,#REF!
BOB_Med_male_mem_20_44_prior,#REF!,#REF!
BOB_Dental_deductible_amt_prior,#REF!,#REF!
HPD_paid_amt_heart_failure_curr,#REF!,#REF!
ItemLabel2,#REF!,#REF!
Remove_Dental_Combined_Section_Check,#REF!,#REF!
Med_MDC_inp_billed_05_curr,#REF!,#REF!
aex_Tier1_Paid_Amt_curr,#REF!,#REF!
Med_MDC_amb_billed_13_prior,#REF!,#REF!
adf_tier1_rollover_pr_year_curr,#REF!,#REF!
Product_54_delete_prior,#REF!,#REF!
BOB_sum_cross_brand_paid_amt_curr,#REF!,#REF!
Product_53_delete_prior,#REF!,#REF!
FI_Demographics_Medical_Range,#REF!,#REF!
Med_billed_amt_female_0_19_curr,#REF!,#REF!
aex_OON_Util_lab_services_curr,#REF!,#REF!
PriceA,#REF!,#REF!
aex_Amb_Tier2_paid_amt_23_curr,#REF!,#REF!
FI_EXEC_SUMMARY_RANGE_ROW7_ROW73,#REF!,#REF!
adf_termed_tier2_rollover_pr_year_curr,#REF!,#REF!
Med_MDC_days_03_curr,#REF!,#REF!
aex_Tier2_paid_amt_off_surgeries_curr,#REF!,#REF!
Rx_Demographics_Range,#REF!,#REF!
Med_amb_billed_amt_curr,#REF!,#REF!
AHF_Med_paid_amt_inp_curr,#REF!,#REF!
Dental_major_paid_amt_prior,#REF!,#REF!
_Low9,#REF!,#REF!
Med_MDC_admits_21_curr,#REF!,#REF!
adf_total_termd_emp_0_spend_curr,#REF!,#REF!
CurrentDate,#REF!,#REF!
Med_MDC_amb_billed_12_prior,#REF!,#REF!
Cust_Spec_Ntwk_Exp_PPO_Net_Avg_Sub_Charges,#REF!,#REF!
MDC_Range_L9_M33,#REF!,#REF!
aex_inp_Tier3_paid_amt_17_curr,#REF!,#REF!
dent_sav_frm_negot_arrangements_ppo_aetna_ppo_ntwk_curr,#REF!,#REF!
hpd_bob_prevalence,#REF!,#REF!
aex_Amb_Tier2_claimants_04_curr,#REF!,#REF!
Med_MDC_claimants_11_curr,#REF!,#REF!
aex_Tier2_Paid_Amt_curr,#REF!,#REF!
BOB_Med_paid_amt_spec_office_visits_curr,#REF!,#REF!
dental_other_in_network_prior,#REF!,#REF!
aex_inp_Tier3_admits_19_curr,#REF!,#REF!
Med_MDC_cd_21_prior,#REF!,#REF!
Medic_male_mem_80_84_curr,#REF!,#REF!
Rx_AHF_male_members_prior,#REF!,#REF!
aex_inp_Tier2_paid_amt_16_curr,#REF!,#REF!
aex_Amb_Tier1_claimants_16_curr,#REF!,#REF!
aex_Amb_Tier2_claimants_24_curr,#REF!,#REF!
aex_Tier3_Inp_Paid_Amt_curr,#REF!,#REF!
MDC_CD_14,#REF!,#REF!
Med_claim_count_male_45_64_curr,#REF!,#REF!
_bdm.2A5234D8A73011D6B6510010A48BFF38.edm,#REF!,#REF!
Med_inp_network_discount_curr,#REF!,#REF!
Med_count_med_visits_curr,#REF!,#REF!
aex_inp_Tier3_admits_12_curr,#REF!,#REF!
aex_Amb_OON_claimants_15_curr,#REF!,#REF!
HPD_number_claimants_other_curr,#REF!,#REF!
BH_BOB_Rx_unknown_mem_0_19_curr,#REF!,#REF!
Med_MDC_amb_paid_06_curr,#REF!,#REF!
Inventories,#REF!,#REF!
sort_product,#REF!,#REF!
num_gen_subst_claims_prior,#REF!,#REF!
Med_claim_count_unknown_0_19_prior,#REF!,#REF!
BOB_Med_MDC_inp_paid_17_curr,#REF!,#REF!
adf_tier4_tot_fund_available_curr,#REF!,#REF!
Med_MDC_claimants_18_curr,#REF!,#REF!
BH_BOB_Med_male_members_curr,#REF!,#REF!
ahf_termed_tier1_emp_0_spend_curr,#REF!,#REF!
gpi_name_class_J_prior,#REF!,#REF!
Med_MDC_inp_billed_18_prior,#REF!,#REF!
adf_tier1_cr_clm_paid_with_rollover_funds_curr,#REF!,#REF!
BOB_Med_MDC_paid_00_curr,#REF!,#REF!
CapC,#REF!,#REF!
dental_preventive_in_network_curr,#REF!,#REF!
Med_billed_amt_prim_off_visits_prior,#REF!,#REF!
aex_inp_Tier2_paid_amt_24_curr,#REF!,#REF!
Product_Check,#REF!,#REF!
HPD_total_population_prior,#REF!,#REF!
aex_Tier2_Util_radiology_services_curr,#REF!,#REF!
ciq_meta_info_0c91374f33694252aa0012855ff292e4,#REF!,#REF!
aex_inp_OON_admits_11_curr,#REF!,#REF!
Med_paid_amt_er_visits_prior,#REF!,#REF!
Med_billed_amt_med_visits_curr,#REF!,#REF!
BOB_Med_threshold_curr,#REF!,#REF!
FDP_9_1_aSrv,#REF!,#REF!
Med_MDC_admits_04_curr,#REF!,#REF!
BOB_Med_male_mem_45_64_prior,#REF!,#REF!
aex_inp_OON_paid_amt_03_curr,#REF!,#REF!
BOB_Med_amb_surgery_count_prior,#REF!,#REF!
FDP_153_1_aUrv,#REF!,#REF!
ciq_meta_info_780b41d9f3e44582b3e7fb5433f1003e,#REF!,#REF!
FOV_14_Range,#REF!,#REF!
aex_inp_Tier3_paid_amt_21_curr,#REF!,#REF!
Med_MDC_paid_21_curr,#REF!,#REF!
Med_MDC_days_18_prior,#REF!,#REF!
ROE,#REF!,#REF!
sum_prof_fee_amt_mac_specialty_curr,#REF!,#REF!
num_util_members_curr,#REF!,#REF!
aex_Amb_Tier2_paid_amt_12_curr,#REF!,#REF!
Current_Cat_End_Row_Number,#REF!,#REF!
aex_inp_Tier1_admits_21_curr,#REF!,#REF!
High7,#REF!,#REF!
ahf_total_tot_fund_available_curr,#REF!,#REF!
ahf_tier1_rollover_fund_remaining_curr,#REF!,#REF!
Med_MDC_amb_billed_10_curr,#REF!,#REF!
ahf_calc_ing_cost_amt_male_65_over_curr,#REF!,#REF!
__MUM5,#REF!,#REF!
Dental_female_mem_45_64_prior,#REF!,#REF!
sum_paid_class_F_curr,#REF!,#REF!
_bdm.E64AAE0B73294C9096BD67FA1B1DBAC2.edm,#REF!,#REF!
Med_MDC_inp_billed_19_prior,#REF!,#REF!
BOB_Med_months_curr,#REF!,#REF!
aex_inp_OON_paid_amt_24_curr,#REF!,#REF!
AcqNum,#REF!,#REF!
__MUM3,#REF!,#REF!
BOB_Rx_months_curr,#REF!,#REF!
num_retail_generic_claims_curr,#REF!,#REF!
HPD_paid_amt_asthma_curr,#REF!,#REF!
aex_inp_Tier2_admits_03_curr,#REF!,#REF!
IQB_BOOKMARK_LOCATION_5,#REF!,#REF!
Dental_other_paid_amt_curr,#REF!,#REF!
TaxRate4,#REF!,#REF!
Med_MDC_amb_paid_20_prior,#REF!,#REF!
aex_Amb_Tier1_paid_amt_03_curr,#REF!,#REF!
Med_MDC_paid_11_curr,#REF!,#REF!
Med_MDC_amb_paid_01_prior,#REF!,#REF!
SI_Executive_Summary_Range,#REF!,#REF!
M,#REF!,#REF!
num_rx_claims_non_mac_retail_curr,#REF!,#REF!
IQRCompInputQ43,#REF!,#REF!
TaxRate2,#REF!,#REF!
Med_MDC_paid_04_prior,#REF!,#REF!
sum_awp_amt_brand_specialty_curr,#REF!,#REF!
aex_inp_Tier2_admits_24_curr,#REF!,#REF!
Salaries2,#REF!,#REF!
AHF_Med_paid_amt_prior,#REF!,#REF!
aex_inp_OON_admits_04_curr,#REF!,#REF!
Med_MDC_cd_13_prior,#REF!,#REF!
IQRCompsAU241,#REF!,#REF!
aex_Tier2_paid_amt_total_curr,#REF!,#REF!
FI_medicare_Rx_Key_Stats_Number_of_Employees,#REF!,#REF!
ciq_meta_info_3709b0fb177445c9be6308c82050ea75,#REF!,#REF!
num_util_members_class_Q_curr,#REF!,#REF!
Dental_basic_svcs_curr,#REF!,#REF!
__123Graph_X,#REF!,#REF!
ahf_termed_tier4_cr_year_initial_fund_curr,#REF!,#REF!
BOB_Med_allowed_amt_curr,#REF!,#REF!
ahf_rx_num_gen_subst_claims_y_o_curr,#REF!,#REF!
Med_MDC_paid_13_curr,#REF!,#REF!
Med_MDC_cd_999_curr,#REF!,#REF!
aex_Tier2_Util_lab_services_curr,#REF!,#REF!
aex_Tier3_Util_other_spec_off_visits_curr,#REF!,#REF!
Med_MDC_inp_billed_02_prior,#REF!,#REF!
aex_Amb_Tier2_paid_amt_06_curr,#REF!,#REF!
num_claims_class_F_prior,#REF!,#REF!
Aetna_PPO_Ntwk_Exp_PPO_Max_Net_Avg_Sub_Charges,#REF!,#REF!
BOB_Rx_female_mem_20_44_prior,#REF!,#REF!
aex_OON_Util_misc_med_curr,#REF!,#REF!
sum_awp_amt_mac_mod_prior,#REF!,#REF!
ahf_calc_ing_cost_amt_female_45_64_curr,#REF!,#REF!
Dental_key_results_rc_savings_amt_prior,#REF!,#REF!
MDC_CD_20,#REF!,#REF!
__MUM7,#REF!,#REF!
util_mem_female_0_19_prior,#REF!,#REF!
AHF_Med_emp_paid_amt_male_65_over_curr,#REF!,#REF!
aex_Tier1_paid_amt_total_curr,#REF!,#REF!
Median6,#REF!,#REF!
Med_MDC_amb_billed_23_curr,#REF!,#REF!
Med_MDC_paid_11_prior,#REF!,#REF!
Med_MDC_amb_billed_07_prior,#REF!,#REF!
BOB_sum_other_generic_paid_amt_prior,#REF!,#REF!
Med_male_mem_45_64_prior,#REF!,#REF!
FDP_45_1_aSrv,#REF!,#REF!
aex_inp_Tier1_days_16_curr,#REF!,#REF!
Product_05_members,#REF!,#REF!
Med_MDC_paid_06_curr,#REF!,#REF!
Med_MDC_paid_18_curr,#REF!,#REF!
aex_Amb_Tier2_claimants_17_curr,#REF!,#REF!
AHF_Med_fund_paid_amt_prior,#REF!,#REF!
AHF_Med_count_home_health_curr,#REF!,#REF!
BOB_Dental_preventative_svcs_prior,#REF!,#REF!
XRefPaste8Row,#REF!,#REF!
BOB_Dental_cob_amt_prior,#REF!,#REF!
BOB_Med_MDC_paid_21_curr,#REF!,#REF!
sum_prof_fee_amt_non_mac_specialty_prior,#REF!,#REF!
ahf_rx_num_gen_subst_claims_y_curr,#REF!,#REF!
BOB_Med_MDC_days_12_curr,#REF!,#REF!
FYE1NetInc,#REF!,#REF!
Demographics_FI_Community_Medicare_Graph_range_cust_age_gender_curr_prior_comparison,#REF!,#REF!
aex_inp_Tier2_days_15_curr,#REF!,#REF!
gpi_name_class_A_prior,#REF!,#REF!
aex_Amb_Tier1_paid_amt_11_curr,#REF!,#REF!
retail_copay_amt_curr,#REF!,#REF!
Dental_other_svcs_curr,#REF!,#REF!
aex_Amb_Tier3_claimants_23_curr,#REF!,#REF!
num_util_members_class_H_prior,#REF!,#REF!
sum_paid_class_R_curr,#REF!,#REF!
dental_paid_ben_out_network_prior,#REF!,#REF!
aex_inp_Tier1_paid_amt_03_curr,#REF!,#REF!
_bdm.EB0EF95B174A4E97A3C7A9BFB7916D88.edm,#REF!,#REF!
BH_BOB_Med_unknown_mem_0_19_curr,#REF!,#REF!
IQB_BOOKMARK_LOCATION_4,#REF!,#REF!
IQRCompsO140,#REF!,#REF!
aex_Amb_Tier3_claimants_07_curr,#REF!,#REF!
r.CashFlow,#REF!,#REF!
Dental_basic_paid_amt_prior,#REF!,#REF!
Median5,#REF!,#REF!
NARROWBAND,#REF!,#REF!
AHF_Med_unknown_mem_0_19_curr,#REF!,#REF!
Med_MDC_amb_billed_20_prior,#REF!,#REF!
BOB_Med_MDC_admits_06_curr,#REF!,#REF!
Med_MDC_paid_16_prior,#REF!,#REF!
aex_Med_MDC_cd_04_curr,#REF!,#REF!
PurchTrig,#REF!,#REF!
NWC,#REF!,#REF!
aex_Amb_Tier3_claimants_11_curr,#REF!,#REF!
IQRCompsAV154,#REF!,#REF!
Med_MDC_claimants_13_prior,#REF!,#REF!
HPD_bob_prevalence_asthma_curr,#REF!,#REF!
InvestBook,#REF!,#REF!
FI_Key_Stats_BOB_Range,#REF!,#REF!
aex_inp_OON_days_14_curr,#REF!,#REF!
Med_MDC_cd_00_curr,#REF!,#REF!
ahf_total_cr_claim_paid_with_cr_funds_curr,#REF!,#REF!
aex_inp_Tier3_admits_16_curr,#REF!,#REF!
medical_sorte,#REF!,#REF!
IQRCompsAW183,#REF!,#REF!
ahf_tier3_rollover_pr_year_curr,#REF!,#REF!
dent_net_avg_sub_charges_ppo_aetna_ppo_II_ntwk_curr,#REF!,#REF!
primary_payor_ind,#REF!,#REF!
Med_male_members_prior,#REF!,#REF!
dental_tot_ben_cat_out_network_curr,#REF!,#REF!
Med_MDC_cd_999_prior,#REF!,#REF!
num_claims_class_I_curr,#REF!,#REF!
aex_Amb_Tier1_claimants_18_curr,#REF!,#REF!
Aetna_Spec_Ntwk_Exp_PPO_Net_Avg_Sub_Charges,#REF!,#REF!
BHBOBDate,#REF!,#REF!
ahf_calc_ing_cost_amt_female_65_over_curr,#REF!,#REF!
Med_inp_paid_amt_above_threshold_curr,#REF!,#REF!
Medic_female_mem_80_84_curr,#REF!,#REF!
aex_inp_Tier2_days_19_curr,#REF!,#REF!
ahf_srv_copay_amt_female_0_19_curr,#REF!,#REF!
BOB_Med_MDC_claimants_19_curr,#REF!,#REF!
sum_salestax_amt_mac_specialty_prior,#REF!,#REF!
sum_mod_brand_formulary_paid_amt_prior,#REF!,#REF!
BOB_Med_claim_count_curr,#REF!,#REF!
Med_phys_par_negot_savings_amt_prior,#REF!,#REF!
sum_prof_fee_amt_brand_specialty_prior,#REF!,#REF!
ahf_ahf_paid_amt_female_0_19_curr,#REF!,#REF!
Rx_male_mem_20_44_prior,#REF!,#REF!
FI_comm_rated_gloss_ratio_of_mem_to_emp,#REF!,#REF!
Medic_female_mem_65_69_prior,#REF!,#REF!
Aexcel_Prof_PMPM_Line_Count,#REF!,#REF!
CTR,#REF!,#REF!
_PFY4,#REF!,#REF!
FDP_164_1_aUrv,#REF!,#REF!
mod_paid_amt_curr,#REF!,#REF!
Product_48_delete_prior,#REF!,#REF!
AHF_Med_in_network_paid_amt_prior,#REF!,#REF!
etvhighblank,#REF!,#REF!
Med_MDC_cd_13_curr,#REF!,#REF!
dental_alt_ben_out_network_prior,#REF!,#REF!
AHF_Med_emp_paid_amt_male_0_19_curr,#REF!,#REF!
Med_MDC_billed_21_curr,#REF!,#REF!
aex_Med_MDC_cd_23_curr,#REF!,#REF!
adf_tier4_emp_100_spend_curr,#REF!,#REF!
MarketCap,#REF!,#REF!
Print_summary,#REF!,#REF!
FI_Executive_Summary_Home,#REF!,#REF!
Med_MDC_days_14_prior,#REF!,#REF!
BOB_Dental_other_svcs_prior,#REF!,#REF!
BOB_Med_paid_encounter_prim_phys_prior,#REF!,#REF!
sum_svc_copay_amt_mac_specialty_prior,#REF!,#REF!
Med_MDC_days_15_curr,#REF!,#REF!
ePSM_Dental_Graph_Page,#REF!,#REF!
Syn,#REF!,#REF!
aex_Amb_Tier2_paid_amt_20_curr,#REF!,#REF!
aex_Tier2_Util_spec_off_visits_curr,#REF!,#REF!
BOB_Med_paid_amt_med_rx_prior,#REF!,#REF!
aex_Amb_Tier1_claimants_05_curr,#REF!,#REF!
aex_Amb_Tier3_paid_amt_14_curr,#REF!,#REF!
_EPS2,#REF!,#REF!
aex_inp_Tier2_paid_amt_05_curr,#REF!,#REF!
EVRevenues,#REF!,#REF!
Dental_services_in_network_curr,#REF!,#REF!
aex_inp_Tier3_admits_00_curr,#REF!,#REF!
BOB_num_generic_claims_curr,#REF!,#REF!
XRefPaste13,#REF!,#REF!
BOB_Med_MDC_paid_19_curr,#REF!,#REF!
Med_MDC_inp_billed_23_prior,#REF!,#REF!
lowempty,#REF!,#REF!
IQRCompsAP140,#REF!,#REF!
Adam_premium_amt_prior,#REF!,#REF!
AHF_Med_unknown_mem_20_44_curr,#REF!,#REF!
sum_prof_fee_amt_mac_retail_prior,#REF!,#REF!
_bdm.0DF34873752945C18BF6AF2DD556BBAA.edm,#REF!,#REF!
BOB_Med_paid_amt_inp_surgeries_prior,#REF!,#REF!
XRefCopy5Row,#REF!,#REF!
aex_tier2_paid_amt_tot_curr,#REF!,#REF!
Quarter2End,#REF!,#REF!
ahf_total_cr_fund_remaining_curr,#REF!,#REF!
aex_Amb_Tier1_claimants_07_curr,#REF!,#REF!
aex_inp_Tier3_days_24_curr,#REF!,#REF!
BOB_Med_MDC_days_15_curr,#REF!,#REF!
dental_ahf_ind,#REF!,#REF!
_exp2,#REF!,#REF!
adf_termed_tier1_emp_99_75_spend_curr,#REF!,#REF!
BOB_Med_MDC_claimants_08_curr,#REF!,#REF!
Med_MDC_inp_paid_11_prior,#REF!,#REF!
Med_MDC_paid_02_prior,#REF!,#REF!
Med_MDC_amb_paid_19_curr,#REF!,#REF!
HPD_number_claimants_total_prior,#REF!,#REF!
sum_paid_class_L_prior,#REF!,#REF!
Dental_paid_amt_unknown_20_44_curr,#REF!,#REF!
AHF_Med_paid_amt_unknown_45_64_curr,#REF!,#REF!
NIYear1T,#REF!,#REF!
BetaInc,#REF!,#REF!
FDP_15_1_aUrv,#REF!,#REF!
BOB_Med_coinsurance_amt_curr,#REF!,#REF!
dent_tot_services_out_ntwk_prior,#REF!,#REF!
Med_paid_amt_prim_off_visits_prior,#REF!,#REF!
Prem3,#REF!,#REF!
BOB_Med_paid_amt_mental_health_curr,#REF!,#REF!
sum_retail_brand_formulary_plan_paid_amt_prior,#REF!,#REF!
generic_prior,#REF!,#REF!
aex_Amb_Tier3_paid_amt_12_curr,#REF!,#REF!
FYE1CapEx,#REF!,#REF!
aex_OON_Util_mental_health_visits_curr,#REF!,#REF!
aex_inp_Tier1_paid_amt_00_curr,#REF!,#REF!
Stat2,#REF!,#REF!
XRefPaste7,#REF!,#REF!
ahf_rx_num_formulary_claims_prior,#REF!,#REF!
sum_svc_copay_amt_non_mac_specialty_prior,#REF!,#REF!
StrPref,#REF!,#REF!
Med_MDC_inp_paid_16_curr,#REF!,#REF!
Med_billed_amt_female_0_19_prior,#REF!,#REF!
AHF_Med_unknown_members_prior,#REF!,#REF!
num_rx_claims_brand_retail_prior,#REF!,#REF!
Med_claim_count_female_0_19_prior,#REF!,#REF!
FDP_62_1_aUrv,#REF!,#REF!
Dental_cost_share_deductible_amt_prior,#REF!,#REF!
BOB_Med_MDC_paid_01_curr,#REF!,#REF!
AHF_Medical_Cost_Category_Range,#REF!,#REF!
__MUM31,#REF!,#REF!
Med_MDC_paid_14_prior,#REF!,#REF!
Med_MDC_billed_05_curr,#REF!,#REF!
BOB_Med_MDC_cd_22_curr,#REF!,#REF!
Med_other_discount_billed_amt_prior,#REF!,#REF!
ahf_srv_copay_amt_total_0_19_curr,#REF!,#REF!
AHF_Rx_Demographics_Range,#REF!,#REF!
aex_Med_MDC_cd_19_curr,#REF!,#REF!
AHF_Med_allowed_amt_female_0_19_prior,#REF!,#REF!
FDP_105_1_aUrv,#REF!,#REF!
BOB_Med_paid_amt_med_rx_curr,#REF!,#REF!
Med_MDC_amb_billed_06_curr,#REF!,#REF!
BOB_Med_MDC_amb_paid_14_curr,#REF!,#REF!
ahf_paid_amt_unknown_45_64_curr,#REF!,#REF!
Utilization_and_Unit_Cost_Med_Range,#REF!,#REF!
aex_inp_Tier1_admits_05_curr,#REF!,#REF!
FDP_47_1_aUrv,#REF!,#REF!
Product_30_members,#REF!,#REF!
FDP_154_1_aUrv,#REF!,#REF!
gpi_name_class_I_prior,#REF!,#REF!
XRefPaste3Row,#REF!,#REF!
aex_Med_MDC_cd_03_curr,#REF!,#REF!
ONYX19970501222055,#REF!,#REF!
fi_exec_summary_row41,#REF!,#REF!
sum_copay_curr,#REF!,#REF!
aex_inp_Tier1_days_04_curr,#REF!,#REF!
Med_MDC_billed_02_prior,#REF!,#REF!
aex_inp_Tier1_admits_10_curr,#REF!,#REF!
Product_03_delete_prior,#REF!,#REF!
_bdm.77CA350A03D2489DBB902CDB2CC7E9F3.edm,#REF!,#REF!
sum_paid_class_C_curr,#REF!,#REF!
BOB_Med_MDC_amb_paid_15_curr,#REF!,#REF!
CalPE2,#REF!,#REF!
dent_net_avg_sub_charges_ppo_out_ntwk_curr,#REF!,#REF!
MDC_CD_13,#REF!,#REF!
aex_inp_Tier3_admits_02_curr,#REF!,#REF!
sum_specialty_claims_curr,#REF!,#REF!
BOB_Med_MDC_cd_11_curr,#REF!,#REF!
FI_Key_Stats_Row36_Range,#REF!,#REF!
_TAB1,#REF!,#REF!
BOB_Med_MDC_admits_22_curr,#REF!,#REF!
aex_inp_Tier3_admits_13_curr,#REF!,#REF!
adf_termed_tier3_emp_0_spend_curr,#REF!,#REF!
FYE1Revenues,#REF!,#REF!
aex_Amb_Tier3_paid_amt_19_curr,#REF!,#REF!
aex_Med_MDC_cd_24_curr,#REF!,#REF!
aex_inp_Tier2_paid_amt_14_curr,#REF!,#REF!
Impact_of_Catastrophic_Medical_Range,#REF!,#REF!
sum_brand_multisource_avg_paid_claim_curr,#REF!,#REF!
BOB_Med_MDC_cd_03_curr,#REF!,#REF!
SI_Executive_Summary_Home,#REF!,#REF!
adf_total_termd_emp_100_spend_curr,#REF!,#REF!
Rx_months_curr,#REF!,#REF!
Dental_key_results_network_paid_amt_curr,#REF!,#REF!
mod_plan_paid_amt_prior,#REF!,#REF!
HPD_bob_prevalence_other_curr,#REF!,#REF!
FOV_71_Range,#REF!,#REF!
Page2,#REF!,#REF!
AHF_Fund_Report_Range,#REF!,#REF!
sum_brand_singlesource_paid_amt_curr,#REF!,#REF!
Med_paid_amt_office_surgeries_prior,#REF!,#REF!
aex_Amb_Tier2_claimants_11_curr,#REF!,#REF!
adf_total_termd_emp_99_75_spend_curr,#REF!,#REF!
adf_tier2_Incentive_fund_earned_curr,#REF!,#REF!
dental_preventive_out_network_prior,#REF!,#REF!
aex_inp_Tier3_days_12_curr,#REF!,#REF!
aex_inp_OON_admits_18_curr,#REF!,#REF!
sum_mod_generic_paid_amt_curr,#REF!,#REF!
MDC_CD_02,#REF!,#REF!
num_claims_class_C_prior,#REF!,#REF!
Med_claim_count_prior,#REF!,#REF!
_bdm.98509675FE304640BD0099E41768A4DB.edm,#REF!,#REF!
BOB_Med_MDC_cd_01_curr,#REF!,#REF!
FDP_87_1_aUrv,#REF!,#REF!
aex_Amb_Tier2_paid_amt_17_curr,#REF!,#REF!
ahf_tier2_emp_0_spend_curr,#REF!,#REF!
Product_99_delete_prior,#REF!,#REF!
aex_inp_Tier2_days_09_curr,#REF!,#REF!
Medic_female_mem_70_74_curr,#REF!,#REF!
_bdm.2398C53567284E5E8937DD13BB789BD3.edm,#REF!,#REF!
BOB_Med_num_members_curr,#REF!,#REF!
BOB_Dental_allowed_amt_curr,#REF!,#REF!
Rx_num_employees_prior,#REF!,#REF!
Medic_male_mem_80_84_prior,#REF!,#REF!
_bdm.680534A8CE05489CAF305B50B8D9395C.edm,#REF!,#REF!
aex_inp_Tier1_paid_amt_05_curr,#REF!,#REF!
ahf_paid_amt_unknown_65_over_curr,#REF!,#REF!
num_claims_class_G_curr,#REF!,#REF!
CommonEquity,#REF!,#REF!
FDP_69_1_aSrv,#REF!,#REF!
